Redirect from,Redirect to
/6-E-Oxygen-Cylinder-Rack_p_8.html,/products/6-e-oxygen-cylinder-rack
/oxygen-standard-body-click-regulator_p_11.html,/products/oxygen-standard-body-click-regulator
/Stack-Rack-Horizontal-Cylinder-Rack_p_14.html,/products/stack-rack-horizontal-cylinder-rack
/Oxygen-Mini-Body-Click-Regulator_p_17.html,/products/oxygen-mini-body-click-regulator
/6-E-Oxygen-Cylinder-Cart_p_24.html,/products/6-e-oxygen-cylinder-cart
/12-E-Oxygen-Cylinder-Cart_p_25.html,/products/12-e-oxygen-cylinder-cart
/28-E-Oxygen-Cylinder-Cart_p_26.html,/products/28-e-oxygen-cylinder-cart
/Oxygen-Conserving-Regulator-CGA870_p_31.html,/products/oxygen-conserving-regulator-cga870
/Economy-Oxygen-Cylinder-Cart_p_32.html,/products/economy-oxygen-cylinder-cart
/Replacement-Set-of-Heavy-Duty-5-Inch-Casters_p_34.html,/products/replacement-set-of-heavy-duty-5-inch-casters
/Dual-Oxygen-Cylinder-Cart_p_35.html,/products/dual-oxygen-cylinder-cart
/M60-Aluminum-Oxygen-Cylinder-With-CGA-540-Valve_p_37.html,/products/m60-aluminum-oxygen-cylinder-with-cga-540-valve
/M90-Aluminum-Oxygen-Cylinder-With-CGA-540-Valve_p_38.html,/products/m90-aluminum-oxygen-cylinder-with-cga-540-valve
/M122-Aluminum-Oxygen-Cylinder-With-CGA-540-Valve_p_39.html,/products/m122-aluminum-oxygen-cylinder-with-cga-540-valve
/Large-Oxygen-Cylinder-Floor-Stand_p_42.html,/products/large-oxygen-cylinder-floor-stand
/Large-Oxygen-Cylinder-Cart_p_43.html,/products/large-oxygen-cylinder-cart
/Dual-Large-Oxygen-Cylinder-Cart_p_44.html,/products/dual-large-oxygen-cylinder-cart
/Medical-M-Oxygen-Cylinder-Cart_p_45.html,/products/medical-m-oxygen-cylinder-cart
/Large-Oxygen-Cylinder-Wall-Mount_p_46.html,/products/large-oxygen-cylinder-wall-mount
/Large-Dual-Oxygen-Cylinder-Wall-Mount_p_47.html,/products/large-dual-oxygen-cylinder-wall-mount
/12-E-Oxygen-Cylinder-Rack_p_48.html,/products/12-e-oxygen-cylinder-rack
/20-E-Oxygen-Cylinder-Rack_p_49.html,/products/20-e-oxygen-cylinder-rack
/28-E-Oxygen-Cylinder-Rack_p_50.html,/products/28-e-oxygen-cylinder-rack
/Oxygen-Standard-Body-Click-Regulator-CGA-540_p_55.html,/products/oxygen-standard-body-click-regulator-cga-540
/20-E-Oxygen-Cylinder-Cart_p_56.html,/products/20-e-oxygen-cylinder-cart
/Economy-Fingertip-Pulse-Oximeter_p_58.html,/products/economy-fingertip-pulse-oximeter
/Fingertip-Pulse-Oximeter-for-Pediatrics-With-Color-Digital-LCD-Display_p_59.html,/products/fingertip-pulse-oximeter-for-pediatrics-with-color-digital-lcd-display
/Single-E-Oxygen-Cylinder-Stand_p_60.html,/products/single-e-oxygen-cylinder-stand
/20-E-Oxygen-Cylinder-Stacker-ADD-ON_p_68.html,/products/20-e-oxygen-cylinder-stacker-add-on
/56-M6-Oxygen-Cylinder-Stacker-ADD-ON_p_69.html,/products/56-m6-oxygen-cylinder-stacker-add-on
/Cylinder-Wrench-With-Lanyard_p_70.html,/products/cylinder-wrench-with-lanyard
/Regulator-Replacement-Washer_p_71.html,/products/regulator-replacement-washer
/Cylinder-Wrench-Large-Small-Cylinders_p_72.html,/products/cylinder-wrench-large-small-cylinders
/cylinder-wrench-small-cylinders-_p_73.html,/products/cylinder-wrench-small-cylinders
/Standard-Vehicle-Cylinder-Stackers_p_74.html,/products/standard-vehicle-cylinder-stackers
/Large-Capacity-Vehicle-Cylinder-Stackers_p_75.html,/products/large-capacity-vehicle-cylinder-stackers
/Wheelchair-Cylinder-Holder_p_76.html,/products/wheelchair-cylinder-holder
/Oxygen-Cylinder-Holder-for-Flat-Surface-Mounting_p_77.html,/products/oxygen-cylinder-holder-for-flat-surface-mounting
/VersaReg-Air-Click-Regulator_p_78.html,/products/versareg-air-click-regulator
/50-PSI-Preset-Diaphragm-Oxygen-Regulator-CGA-870_p_79.html,/products/50-psi-preset-diaphragm-oxygen-regulator-cga-870
/DU-O-VAC-PLUS-Adult-Wall-Unit-0-350-mmHg_p_80.html,/products/du-o-vac-plus-adult-wall-unit-0-350-mmhg
/DU-O-VAC-PLUS-Pediatric-Wall-Unit-Low-Flow-0-180-mmHg_p_83.html,/products/du-o-vac-plus-pediatric-wall-unit-low-flow-0-180-mmhg
/Collection-Canisters-for-DU-O-VAC-PLUS-Box-of-10_p_84.html,/products/collection-canisters-for-du-o-vac-plus-box-of-10
/DU-O-VAC-PLUS-Complete-Unit-Standard_p_85.html,/products/du-o-vac-plus-complete-unit-standard
/Replacement-Gauge-for-DU-O-VAC-High-Flow_p_86.html,/products/replacement-gauge-for-du-o-vac-high-flow
/Replacement-Gauge-for-DU-O-VAC-Low-Flow_p_87.html,/products/replacement-gauge-for-du-o-vac-low-flow
/50-PSI-Preset-Diaphragm-Oxygen-Regulator-CGA-540_p_88.html,/products/50-psi-preset-diaphragm-oxygen-regulator-cga-540
/Diaphragm-Oxygen-Regulator-With-Flow-Control-CGA-870_p_89.html,/products/diaphragm-oxygen-regulator-with-flow-control-cga-870
/Diaphragm-Oxygen-Regulator-With-Flow-Control-CGA-540_p_90.html,/products/diaphragm-oxygen-regulator-with-flow-control-cga-540
/Inline-Wall-Oxygen-Regulator_p_91.html,/products/inline-wall-oxygen-regulator
/Single-Stage-Heliox-Regulator-CGA-280-for-Large-Cylinder_p_92.html,/products/single-stage-heliox-regulator-cga-280-for-large-cylinder
/Single-Stage-Heliox-Regulator-CGA-890-for-Small-Cylinder_p_93.html,/products/single-stage-heliox-regulator-cga-890-for-small-cylinder
/M6-Aluminum-Oxygen-Cylinder_p_98.html,/products/m6-aluminum-oxygen-cylinder
/M9-Aluminum-Oxygen-Cylinder_p_99.html,/products/m9-aluminum-oxygen-cylinder
/D-Aluminum-Oxygen-Cylinder_p_100.html,/products/d-aluminum-oxygen-cylinder
/E-Aluminum-Oxygen-Cylinder_p_101.html,/products/e-aluminum-oxygen-cylinder
/Heliox-Flowmeter-0-16-LPM_p_110.html,/products/heliox-flowmeter-0-16-lpm
/Flow-Selector-Valve_p_111.html,/products/flow-selector-valve
/Xmas-Tree-Connector-Green-Color_p_112.html,/products/xmas-tree-connector-green-color
/Xmas-Tree-Connector-Clear-Color_p_113.html,/products/xmas-tree-connector-clear-color
/Xmas-Tree-Connector-Yellow-Color_p_114.html,/products/xmas-tree-connector-yellow-color
/Single-Stage-Heliox-Regulator-With-Flowmeter-CGA-280-for-Large-Cylinder_p_115.html,/products/single-stage-heliox-regulator-with-flowmeter-cga-280-for-large-cylinder
/Single-Stage-Heliox-Regulator-With-Flowmeter-CGA-890-for-Small-Cylinder_p_116.html,/products/single-stage-heliox-regulator-with-flowmeter-cga-890-for-small-cylinder
/Dual-Adjustable-Nitrogen-Regulator_p_117.html,/products/dual-adjustable-nitrogen-regulator
/Single-Adjustable-Nitrogen-Regulator_p_118.html,/products/single-adjustable-nitrogen-regulator
/Single-Stage-CO2-Regulator-CGA-320-for-Large-Cylinder_p_119.html,/products/single-stage-co2-regulator-cga-320-for-large-cylinder
/Single-Stage-CO2-Regulator-CGA-940-for-Small-Cylinder_p_120.html,/products/single-stage-co2-regulator-cga-940-for-small-cylinder
/Single-Stage-CO2-Regulator-With-Flowmeter-CGA-320-for-Large-Cylinder_p_121.html,/products/single-stage-co2-regulator-with-flowmeter-cga-320-for-large-cylinder
/3-Mode-Continuous-Vacuum-Regulator_p_124.html,/products/3-mode-continuous-vacuum-regulator
/Continuous-Intermittent-Vacuum-Regulator_p_125.html,/products/continuous-intermittent-vacuum-regulator
/Pediatric-Continuous-Intermittent-Vacuum-Regulator_p_126.html,/products/pediatric-continuous-intermittent-vacuum-regulator
/Continuous-Vacuum-Regulator_p_127.html,/products/continuous-vacuum-regulator
/Configurable-Oxygen-Hose_p_128.html,/products/oxygen-hose
/25-Foot-Air-Coil-Hose-With-Blowgun_p_129.html,/products/25-foot-air-coil-hose-with-blowgun
/Configurable-Vacuum-Hose_p_132.html,/products/vacuum-hose
/Configurable-Medical-Air-Hose_p_133.html,/products/air-hose
/50-PSI-Preset-Air-Regulator-CGA-346_p_134.html,/products/50-psi-preset-air-regulator-cga-346
/50-PSI-Preset-Air-Regulator-CGA-950_p_135.html,/products/50-psi-preset-air-regulator-cga-950
/Inline-Air-Wall-Regulator_p_136.html,/products/inline-air-wall-regulator
/Stainless-Steel-Circuit-Support-Arm_p_137.html,/products/stainless-steel-circuit-support-arm
/Circuit-Support-Arm-Mounting-Clamp_p_138.html,/products/circuit-support-arm-mounting-clamp
/Oxygen-Monitor-With-High-Low-Alarms_p_143.html,/products/oxygen-monitor-with-high-low-alarms
/Oxygen-Analyzer_p_144.html,/products/oxygen-analyzer
/Oxygen-Analyzer-for-Spot-Checking-Oxygen-Concentrators_p_145.html,/products/oxygen-analyzer-for-spot-checking-oxygen-concentrators
/Oxygen-Monitor-Bracket_p_146.html,/products/oxygen-monitor-bracket
/Precision-High-Flow-Oxygen-Air-Blender_p_147.html,/products/precision-high-flow-oxygen-air-blender
/Precision-High-Flow-Oxygen-Air-Manifold-Style-Blender_p_148.html,/products/precision-high-flow-oxygen-air-manifold-style-blender
/Precision-Low-Flow-Oxygen-Air-Blender_p_149.html,/products/precision-low-flow-oxygen-air-blender
/Precision-Low-Flow-Oxygen-Air-Manifold-Style-Blender_p_150.html,/products/precision-low-flow-oxygen-air-manifold-style-blender
/Oxygen-Wall-Outlet-Extension-Manifolds_p_157.html,/products/oxygen-wall-outlet-extension-manifold
/5-6-Leg-Heavyweight-Base-Stainless-Steel-Equipment-Stand-With-Tray_p_200.html,/products/5-or-6-leg-heavyweight-base-stainless-steel-equipment-stand
/mri-conditional-e-cylinder-cart_p_203.html,/products/mri-conditional-e-cylinder-cart
/mri-conditional-dual-e-cylinder-cart_p_204.html,/products/mri-conditional-dual-e-cylinder-cart
/mri-conditional-4-e-cylinder-rack_p_205.html,/products/mri-conditional-4-e-cylinder-rack
/mri-conditional-m60-m90-m122-m155-cylinder-cart_p_206.html,/products/mri-conditional-m60-m90-m122-m155-cylinder-cart
/Cylinder-Holder-for-Hill-Rom-Beds_p_212.html,/products/cylinder-holder-for-hill-rom-beds
/Cylinder-Holder-Floor-Stand-for-Hill-Rom-Beds_p_213.html,/products/cylinder-holder-floor-stand-for-hill-rom-beds
/Deluxe-Oxygen-Cylinder-Cart_p_214.html,/products/deluxe-oxygen-cylinder-cart
/Deluxe-Oxygen-Cylinder-Cart-for-Hill-Rom-Beds_p_215.html,/products/deluxe-oxygen-cylinder-cart-for-hill-rom-beds
/Oxygen-Cylinder-Holder-for-Hanging-Over-Headboards_p_216.html,/products/oxygen-cylinder-holder-for-hanging-over-headboards
/Multi-Purpose-Cylinder-Stand_p_220.html,/products/multi-purpose-cylinder-stand
/MRI-Compatible-3-Mode-Continuous-Vacuum-Regulator_p_221.html,/products/mri-compatible-3-mode-continuous-vacuum-regulator
/MRI-Compatible-Preset-50-PSI-Oxygen-Regulator-CGA-540_p_222.html,/products/mri-compatible-preset-50-psi-oxygen-regulator-cga-540
/MRI-Compatible-Preset-50-PSI-Oxygen-Regulator-CGA-870_p_223.html,/products/mri-compatible-preset-50-psi-oxygen-regulator-cga-870
/DU-O-VAC-PLUS-Complete-Unit-Click-Style-Regulator_p_226.html,/products/du-o-vac-plus-complete-unit-click-style-regulator
/Air-Shields-Oxygen-Sensors_p_227.html,/products/air-shields-oxygen-sensors
/Analytical-Industries-Oxygen-Sensors_p_228.html,/products/analytical-industries-oxygen-sensors
/bio-med-devices-oxygen-sensors_p_229.html,/products/bio-med-devices-oxygen-sensors
/BioTek-Oxygen-Sensors_p_230.html,/products/biotek-oxygen-sensors
/Bird-Products-Corp-Oxygen-Sensors_p_231.html,/products/bird-products-corp-oxygen-sensors
/City-Technology-Oxygen-Sensors_p_232.html,/products/city-technology-oxygen-sensors
/Criticare-Systems-Poet-Oxygen-Sensors_p_233.html,/products/criticare-systems-poet-oxygen-sensors
/Datascope-Oxygen-Sensors_p_234.html,/products/datascope-oxygen-sensors
/Datascope-Anestar-Oxygen-Sensors_p_235.html,/products/datascope-anestar-oxygen-sensors
/Draeger-Oxygen-Sensors_p_236.html,/products/draeger-oxygen-sensors
/EnviteC-Oxygen-Sensors_p_237.html,/products/envitec-oxygen-sensors
/Hamilton-Oxygen-Sensors_p_238.html,/products/hamilton-oxygen-sensors
/Hudson-RCI-Oxygen-Sensors_p_239.html,/products/hudson-rci-oxygen-sensors
/International-Tech-Dr-Gambert-Oxygen-Sensors_p_240.html,/products/international-tech-dr-gambert-oxygen-sensors
/Respironics-Oxygen-Sensors_p_241.html,/products/respironics-oxygen-sensors
/Heliox-Low-Flow-70-30-Mix-Blender_p_249.html,/products/heliox-low-flow-70-30-mix-blender
/Heliox-Low-Flow-80-20-Mix-Blender_p_250.html,/products/heliox-low-flow-80-20-mix-blender
/Heliox-High-Flow-80-20-Mix-Blender_p_251.html,/products/heliox-high-flow-80-20-mix-blender
/Heliox-High-Flow-70-30-Mix-Blender_p_252.html,/products/heliox-high-flow-70-30-mix-blender
/Pole-Mount-Blender-Bracket_p_253.html,/products/pole-mount-blender-bracket
/Wall-Mount-Blender-Bracket_p_254.html,/products/wall-mount-blender-bracket
/M6-M4-Size-Cylinder-Backpack-Style-Bag_p_263.html,/products/m6-m4-size-cylinder-backpack-style-bag
/E-Size-Cylinder-Wheelchair-Bag_p_264.html,/products/e-size-cylinder-wheelchair-bag
/M9-Size-Cylinder-Shoulder-Bag_p_265.html,/products/m9-size-cylinder-shoulder-bag
/D-Size-Cylinder-Shoulder-Bag_p_266.html,/products/d-size-cylinder-shoulder-bag
/D-Size-Cylinder-Backpack-Style-Bag_p_267.html,/products/d-size-cylinder-backpack-style-bag
/DU-O-VAC-Portable-Code-1-Unit_p_268.html,/products/du-o-vac-portable-code-1-unit
/DU-O-VAC-Portable-Code-2-Unit_p_269.html,/products/du-o-vac-portable-code-2-unit
/DU-O-VAC-Portable-Code-6-Unit_p_270.html,/products/du-o-vac-portable-code-6-unit
/mri-conditional-6-e-cylinder-rack_p_274.html,/products/mri-conditional-6-e-cylinder-rack
/mri-conditional-e-cylinder-wall-mount_p_275.html,/products/mri-conditional-e-cylinder-wall-mount
/mri-conditional-e-cylinder-holder-for-wheelchair_p_277.html,/products/mri-conditional-e-cylinder-holder-for-wheelchair
/mri-conditional-du-o-vac-plus-adult-wall-unit-0-350-mmhg_p_278.html,/products/mri-conditional-du-o-vac-plus-adult-wall-unit-0-350-mmhg
/mri-conditional-du-o-vac-plus-pediatric-wall-unit-low-flow-0-180-mmhg_p_280.html,/products/mri-conditional-du-o-vac-plus-pediatric-wall-unit-low-flow-0-180-mmhg
/mri-conditional-du-o-vac-plus-complete-unit_p_281.html,/products/mri-conditional-du-o-vac-plus-complete-unit
/mri-conditional-du-o-vac-portable-code-1-unit_p_282.html,/products/mri-conditional-du-o-vac-portable-code-1-unit
/mri-conditional-du-o-vac-portable-code-2-unit_p_283.html,/products/mri-conditional-du-o-vac-portable-code-2-unit
/mri-conditional-du-o-vac-portable-code-6-unit_p_284.html,/products/mri-conditional-du-o-vac-portable-code-6-unit
/mri-conditional-ivdeluxe-equipment-poles_p_286.html,/products/mri-conditional-ivdeluxe-equipment-poles
/mri-conditional-pole-mount-dual-e-cylinder-holder_p_288.html,/products/mri-conditional-pole-mount-dual-e-cylinder-holder
/mri-conditional-push-handle_p_289.html,/products/mri-conditional-push-handle
/mri-conditional-large-basket_p_290.html,/products/mri-conditional-large-basket
/Precision-Vacuum-Trap_p_292.html,/products/precision-vacuum-trap
/Replacement-Pulse-Oximeter-Case_p_296.html,/products/replacement-pulse-oximeter-case
/Dual-Swivel-Oxygen-Holder_p_304.html,/products/dual-swivel-oxygen-holder
/IV-Pole-Equipment-Stand-Handle-Tray-Unit_p_316.html,/products/iv-pole-equipment-stand-handle-tray-unit
/Multiple-Capacity-Large-Cylinder-Cart_p_317.html,/products/multiple-capacity-large-cylinder-cart
/Multiple-Capacity-Large-Cylinder-Rack_p_319.html,/products/multiple-capacity-large-cylinder-rack
/50-PSI-Preset-CGA-870-Oxygen-Regulator-0-15-LPM-Flowmeter-DISS-Auxiliary-Port_p_320.html,/products/50-psi-preset-cga-870-oxygen-regulator-0-15-lpm-flowmeter-diss-auxiliary-port
/50-PSI-Preset-CGA-540-Oxygen-Regulator-0-15-LPM-Flowmeter_p_321.html,/products/50-psi-preset-cga-540-oxygen-regulator-0-15-lpm-flowmeter
/IV-S-Hook-Extension_p_323.html,/products/iv-s-hook-extension
/MRI-Compatible-Click-Style-0-25-LPM-Regulator-CGA-870_p_326.html,/products/mri-compatible-click-style-0-25-lpm-regulator-cga-870
/Pole-Mounted-Accessory-Basket-Extended-Mount_p_328.html,/products/pole-mounted-accessory-basket-extended-mount
/CO2-Insufflation-High-Pressure-Pigtail-Configurator_p_330.html,/products/co2-insufflation-high-pressure-pigtail
/CO2-Insufflation-Yoke-Tee-Assembly_p_331.html,/products/co2-insufflation-yoke-tee-assembly
/CO2-Insufflator-Manifold-With-2-On-Off-Valves_p_332.html,/products/co2-insufflator-manifold-with-2-on-off-valves
/50-PSI-Preset-CGA-870-Oxygen-Regulator-Chemetron-Coupler-Outlet_p_337.html,/products/50-psi-preset-cga-870-oxygen-regulator-chemetron-coupler-outlet
/50-PSI-Preset-CGA-870-Oxygen-Regulator-Ohmeda-Coupler-Outlet_p_338.html,/products/50-psi-preset-cga-870-oxygen-regulator-ohmeda-coupler-outlet
/Chemetron-Couplers_p_341.html,/products/chemetron-couplers
/Chemetron-Quick-Connects_p_342.html,/products/chemetron-quick-connects
/Ohmeda-Compact-Couplers_p_345.html,/products/ohmeda-compact-couplers
/Ohmeda-Quick-Connects_p_346.html,/products/ohmeda-quick-connects
/Puritan-Bennett-Couplers_p_347.html,/products/puritan-bennett-couplers
/Puritan-Bennett-Quick-Connects_p_348.html,/products/puritan-bennett-quick-connects
/Schrader-Couplers_p_349.html,/products/schrader-couplers
/Schrader-Quick-Connects_p_350.html,/products/schrader-quick-connects
/Oxequip-Quick-Connects_p_351.html,/products/oxequip-quick-connects
/Medstar-Style-Quick-Connects_p_352.html,/products/medstar-style-quick-connects
/Pole-Mounted-Dual-Cylinder-Holder_p_353.html,/products/pole-mounted-dual-cylinder-holder
/DISS-FemaleHex-Eighth-NPT_p_354.html,/products/diss-femalehex-eighth-npt
/DISS-FemaleHex-Eighth-NPT-Extended_p_355.html,/products/diss-femalehex-eighth-npt-extended
/DISS-FemaleHex-Quarter-NPT_p_356.html,/products/diss-femalehex-quarter-npt
/DISS-FemaleHex-With-Quarter-Barb_p_357.html,/products/diss-femalehex-with-quarter-barb
/oxygen-diss-female-handtight_p_358.html,/products/oxygen-diss-female-handtight
/DISS-Female-Handtight-Extended_p_359.html,/products/diss-female-handtight-extended
/DISS-Female-Handtight-Quarter-NPT_p_360.html,/products/diss-female-handtight-quarter-npt
/DISS-Female-Handtight-With-Barb_p_361.html,/products/diss-female-handtight-with-barb
/DISS-Male-Oxygen_p_362.html,/products/diss-male-oxygen
/DISS-Male-Air_p_363.html,/products/diss-male-air
/DISS-Male-Vacuum_p_364.html,/products/diss-male-vacuum
/DISS-Male-Nitrous-Oxide_p_365.html,/products/diss-male-nitrous-oxide
/DISS-Male-Nitrogen_p_366.html,/products/diss-male-nitrogen
/DISS-Male-WAGD-Evac_p_367.html,/products/diss-male-wagd-evac
/DISS-Male-Carbon-Dioxide_p_368.html,/products/diss-male-carbon-dioxide
/DISS-Male-With-Quarter-Barb_p_369.html,/products/diss-male-with-quarter-barb
/DISS-Male-With-Quarter-Hosebarb-and-Knob_p_370.html,/products/diss-male-with-quarter-hosebarb-and-knob
/Oxygen-Air-Blender-Condensation-Trap_p_371.html,/products/oxygen-air-blender-condensation-trap
/NPT-Pipe-Tee_p_373.html,/products/npt-pipe-tee
/NPT-Street-Tee_p_374.html,/products/npt-street-tee
/NPT-Female-Tee_p_375.html,/products/npt-female-tee
/NPT-Plug_p_376.html,/products/npt-plug
/drop-ear-tee_p_377.html,/products/drop-ear-tee
/NPT-Cross_p_378.html,/products/npt-cross
/NPT-45-Degree-Street-Elbow_p_379.html,/products/npt-45-degree-street-elbow
/NPT-90-Degree-Elbow_p_380.html,/products/npt-90-degree-elbow
/NPT-90-Degree-Street-Elbow_p_381.html,/products/npt-90-degree-street-elbow
/Master-Flow-Valve_p_382.html,/products/master-flow-valve
/Hex-Nipple_p_383.html,/products/hex-nipple
/Connector_p_384.html,/products/connector
/Coupler_p_385.html,/products/coupler
/NPT-Male-Hose-Barb-Connector_p_386.html,/products/npt-male-hose-barb-connector
/NPT-Female-Hose-Barb-Connector_p_387.html,/products/npt-female-hose-barb-connector
/NPT-Pipe-Nipple_p_388.html,/products/npt-pipe-nipple
/Eighth-NPT-Cap_p_389.html,/products/eighth-npt-cap
/Hose-Splicer_p_390.html,/products/hose-splicer
/Oxygen-DISS-90-Degree-Elbow-x-Hex-Nut_p_391.html,/products/oxygen-diss-90-degree-elbow-x-hex-nut
/Oxygen-DISS-Male-x-DISS-Male_p_392.html,/products/oxygen-diss-male-x-diss-male
/Oxygen-DISS-Male-x-Eighth-NPT-Female_p_393.html,/products/oxygen-diss-male-x-eighth-npt-female
/Oxygen-DISS-Female-x-Oxygen-DISS-Female_p_394.html,/products/oxygen-diss-female-x-oxygen-diss-female
/Power-Take-Off_p_395.html,/products/power-take-off
/Hand-Tight-Tubing-Nipple_p_396.html,/products/hand-tight-tubing-nipple
/Wing-Nut-Tubing-Nipple_p_397.html,/products/wing-nut-tubing-nipple
/Hex-Nut-Tubing-Nipple_p_398.html,/products/hex-nut-tubing-nipple
/Vacuum-Regulator-Tubing-Nipple_p_399.html,/products/vacuum-regulator-tubing-nipple
/Nitrogen-Regulator-With-Flowmeter-CGA-960_p_402.html,/products/nitrogen-regulator-with-flowmeter-cga-960
/Compact-50-PSI-Preset-Oxygen-Regulator-CGA-870_p_404.html,/products/compact-50-psi-preset-oxygen-regulator-cga-870
/Compact-50-PSI-Preset-Air-Regulator-CGA-950_p_405.html,/products/compact-50-psi-preset-air-regulator-cga-950
/Nitrogen-Click-Style-Regulator-CGA-580_p_406.html,/products/nitrogen-click-style-regulator-cga-580
/Oxygen-Extended-Body-Click-Regulator_p_407.html,/products/oxygen-extended-body-click-regulator
/50-PSI-Preset-CGA-540-Oxygen-Regulator-0-15-LPM-Click-Style-Flowmeter-Dual-DISS-Auxiliary-Ports_p_408.html,/products/50-psi-preset-cga-540-oxygen-regulator-0-15-lpm-click-style-flowmeter-dual-diss-auxiliary-ports
/50-PSI-Preset-CGA-870-Oxygen-Regulator-0-15-LPM-Click-Style-Flowmeter-Dual-DISS-Auxiliary-Ports_p_409.html,/products/50-psi-preset-cga-870-oxygen-regulator-0-15-lpm-click-style-flowmeter-dual-diss-auxiliary-ports
/50-PSI-Preset-CGA-870-Oxygen-Regulator-0-15-LPM-Click-Style-Flowmeter-Puritan-Bennett-Coupler-DISS-Auxiliary-Port_p_410.html,/products/50-psi-preset-cga-870-oxygen-regulator-0-15-lpm-click-style-flowmeter-puritan-bennett-coupler-diss-auxiliary-port
/50-PSI-Preset-CGA-870-Oxygen-Regulator-0-15-LPM-Click-Style-Flowmeter-Ohmeda-Coupler-DISS-Auxiliary-Port_p_411.html,/products/50-psi-preset-cga-870-oxygen-regulator-0-15-lpm-click-style-flowmeter-ohmeda-coupler-diss-auxiliary-port
/50-PSI-Preset-CGA-870-Oxygen-Regulator-0-15-LPM-Click-Style-Flowmeter-Chemetron-Coupler-DISS-Auxiliary-Port_p_412.html,/products/50-psi-preset-cga-870-oxygen-regulator-0-15-lpm-click-style-flowmeter-chemetron-coupler-diss-auxiliary-port
/50-PSI-Preset-CGA-870-Oxygen-Regulator-0-15-LPM-Click-Style-Flowmeter-DISS-Auxiliary-Port_p_413.html,/products/50-psi-preset-cga-870-oxygen-regulator-0-15-lpm-click-style-flowmeter-diss-auxiliary-port
/50-PSI-Preset-CGA-870-Oxygen-Regulator-0-15-LPM-Click-Style-Flowmeter_p_414.html,/products/50-psi-preset-cga-870-oxygen-regulator-0-15-lpm-click-style-flowmeter
/50-PSI-Preset-CGA-870-Oxygen-Regulator-0-15-LPM-Flowmeter-Chemetron-Coupler-DISS-Auxiliary-Port_p_415.html,/products/50-psi-preset-cga-870-oxygen-regulator-0-15-lpm-flowmeter-chemetron-coupler-diss-auxiliary-port
/50-PSI-Preset-CGA-870-Oxygen-Regulator-0-15-LPM-Flowmeter-Dual-DISS-Auxiliary-Ports_p_416.html,/products/50-psi-preset-cga-870-oxygen-regulator-0-15-lpm-flowmeter-dual-diss-auxiliary-ports
/50-PSI-Preset-CGA-870-Oxygen-Regulator-0-15-LPM-Flowmeter-Puritan-Bennett-Coupler-DISS-Auxiliary-Port_p_417.html,/products/50-psi-preset-cga-870-oxygen-regulator-0-15-lpm-flowmeter-puritan-bennett-coupler-diss-auxiliary-port
/50-PSI-Preset-CGA-870-Oxygen-Regulator-0-15-LPM-Flowmeter-Ohmeda-Coupler-DISS-Auxiliary-Port_p_418.html,/products/50-psi-preset-cga-870-oxygen-regulator-0-15-lpm-flowmeter-ohmeda-coupler-diss-auxiliary-port
/50-PSI-Preset-CGA-870-Oxygen-Regulator-0-15-LPM-Flowmeter_p_420.html,/products/50-psi-preset-cga-870-oxygen-regulator-0-15-lpm-flowmeter
/50-PSI-Preset-CGA-870-Oxygen-Regulator-0-15-LPM-Click-Style-Flowmeter-With-Dual-DISS-Auxiliary-Ports_p_421.html,/products/50-psi-preset-cga-870-oxygen-regulator-0-15-lpm-click-style-flowmeter-with-dual-diss-auxiliary-ports
/50-PSI-Preset-CGA-870-Oxygen-Regulator-0-15-LPM-Flowmeter-With-Dual-DISS-Auxiliary-Ports_p_422.html,/products/50-psi-preset-cga-870-oxygen-regulator-0-15-lpm-flowmeter-with-dual-diss-auxiliary-ports
/50-PSI-Preset-CGA-870-Oxygen-Regulator-Dual-DISS-Auxiliary-Ports_p_423.html,/products/50-psi-preset-cga-870-oxygen-regulator-dual-diss-auxiliary-ports
/50-PSI-Preset-CGA-870-Oxygen-Regulator-DISS-Auxiliary-Port_p_424.html,/products/50-psi-preset-cga-870-oxygen-regulator-diss-auxiliary-port
/50-PSI-Preset-CGA-870-Oxygen-Regulator-0-15-LPM-Click-Style-Flowmeter-Puritan-Bennet-Coupler-With-DISS-Auxiliary-Port_p_425.html,/products/50-psi-preset-cga-870-oxygen-regulator-0-15-lpm-click-style-flowmeter-puritan-bennet-coupler-with-diss-auxiliary-port
/50-PSI-Preset-CGA-870-Oxygen-Regulator-0-15-LPM-Flowmeter-Puritan-Bennett-Coupler-With-DISS-Auxiliary-Port_p_426.html,/products/50-psi-preset-cga-870-oxygen-regulator-0-15-lpm-flowmeter-puritan-bennett-coupler-with-diss-auxiliary-port
/50-PSI-Preset-CGA-870-Oxygen-Regulator-Puritan-Bennett-Coupler-DISS-Auxiliary-Port_p_427.html,/products/50-psi-preset-cga-870-oxygen-regulator-puritan-bennett-coupler-diss-auxiliary-port
/50-PSI-Preset-CGA-870-Oxygen-Regulator-0-15-LPM-Click-Style-Flowmeter-Ohmeda-Coupler-With-DISS-Auxiliary-Port_p_428.html,/products/50-psi-preset-cga-870-oxygen-regulator-0-15-lpm-click-style-flowmeter-ohmeda-coupler-with-diss-auxiliary-port
/50-PSI-Preset-CGA-870-Oxygen-Regulator-0-15-LPM-Flowmeter-Ohmeda-Coupler-With-DISS-Auxiliary-Port_p_429.html,/products/50-psi-preset-cga-870-oxygen-regulator-0-15-lpm-flowmeter-ohmeda-coupler-with-diss-auxiliary-port
/50-PSI-Preset-CGA-870-Oxygen-Regulator-Ohmeda-Coupler-DISS-Auxiliary-Port_p_430.html,/products/50-psi-preset-cga-870-oxygen-regulator-ohmeda-coupler-diss-auxiliary-port
/50-PSI-Preset-CGA-870-Oxygen-Regulator-0-15-LPM-Click-Style-Flowmeter-Chemetron-Coupler-With-DISS-Auxiliary-Port_p_431.html,/products/50-psi-preset-cga-870-oxygen-regulator-0-15-lpm-click-style-flowmeter-chemetron-coupler-with-diss-auxiliary-port
/50-PSI-Preset-CGA-870-Oxygen-Regulator-0-15-LPM-Flowmeter-Chemetron-Coupler-With-DISS-Auxiliary-Port_p_432.html,/products/50-psi-preset-cga-870-oxygen-regulator-0-15-lpm-flowmeter-chemetron-coupler-with-diss-auxiliary-port
/50-PSI-Preset-CGA-870-Oxygen-Regulator-Chemetron-Coupler-DISS-Auxiliary-Port_p_433.html,/products/50-psi-preset-cga-870-oxygen-regulator-chemetron-coupler-diss-auxiliary-port
/50-PSI-Preset-CGA-540-Oxygen-Regulator-0-15-LPM-Click-Style-Flowmeter-Puritan-Bennett-Coupler-DISS-Auxiliary-Port_p_434.html,/products/50-psi-preset-cga-540-oxygen-regulator-0-15-lpm-click-style-flowmeter-puritan-bennett-coupler-diss-auxiliary-port
/50-PSI-Preset-CGA-540-Oxygen-Regulator-0-15-LPM-Click-Style-Flowmeter-Ohmeda-Coupler-DISS-Auxiliary-Port_p_435.html,/products/50-psi-preset-cga-540-oxygen-regulator-0-15-lpm-click-style-flowmeter-ohmeda-coupler-diss-auxiliary-port
/50-PSI-Preset-CGA-540-Oxygen-Regulator-0-15-LPM-Click-Style-Flowmeter-DISS-Auxiliary-Port_p_436.html,/products/50-psi-preset-cga-540-oxygen-regulator-0-15-lpm-click-style-flowmeter-diss-auxiliary-port
/50-PSI-Preset-CGA-540-Oxygen-Regulator-0-15-LPM-Click-Style-Flowmeter_p_437.html,/products/50-psi-preset-cga-540-oxygen-regulator-0-15-lpm-click-style-flowmeter
/50-PSI-Preset-CGA-540-Oxygen-Regulator-0-15-LPM-Flowmeter-Dual-DISS-Auxiliary-Ports_p_439.html,/products/50-psi-preset-cga-540-oxygen-regulator-0-15-lpm-flowmeter-dual-diss-auxiliary-ports
/50-PSI-Preset-CGA-540-Oxygen-Regulator-0-15-LPM-Flowmeter-Puritan-Bennett-Coupler-DISS-Auxiliary-Port_p_441.html,/products/50-psi-preset-cga-540-oxygen-regulator-0-15-lpm-flowmeter-puritan-bennett-coupler-diss-auxiliary-port
/50-PSI-Preset-CGA-540-Oxygen-Regulator-0-15-LPM-Flowmeter-Ohmeda-Coupler-DISS-Auxiliary-Port_p_442.html,/products/50-psi-preset-cga-540-oxygen-regulator-0-15-lpm-flowmeter-ohmeda-coupler-diss-auxiliary-port
/50-PSI-Preset-CGA-540-Oxygen-Regulator-0-15-LPM-Flowmeter-DISS-Auxiliary-Port_p_443.html,/products/50-psi-preset-cga-540-oxygen-regulator-0-15-lpm-flowmeter-diss-auxiliary-port
/50-PSI-Preset-CGA-540-Oxygen-Regulator-0-15-LPM-Click-Style-Flowmeter-With-Dual-DISS-Auxiliary-Ports_p_444.html,/products/50-psi-preset-cga-540-oxygen-regulator-0-15-lpm-click-style-flowmeter-with-dual-diss-auxiliary-ports
/50-PSI-Preset-CGA-540-Oxygen-Regulator-0-15-LPM-Flowmeter-With-Dual-DISS-Auxiliary-Ports_p_445.html,/products/50-psi-preset-cga-540-oxygen-regulator-0-15-lpm-flowmeter-with-dual-diss-auxiliary-ports
/50-PSI-Preset-CGA-540-Oxygen-Regulator-Dual-DISS-Auxiliary-Ports_p_446.html,/products/50-psi-preset-cga-540-oxygen-regulator-dual-diss-auxiliary-ports
/50-PSI-Preset-CGA-540-Oxygen-Regulator-DISS-Auxiliary-Port_p_447.html,/products/50-psi-preset-cga-540-oxygen-regulator-diss-auxiliary-port
/50-PSI-Preset-CGA-540-Oxygen-Regulator-0-15-LPM-Click-Style-Flowmeter-Puritan-Bennett-Coupler-With-DISS-Auxiliary-Port_p_448.html,/products/50-psi-preset-cga-540-oxygen-regulator-0-15-lpm-click-style-flowmeter-puritan-bennett-coupler-with-diss-auxiliary-port
/50-PSI-Preset-CGA-540-Oxygen-Regulator-0-15-LPM-Flowmeter-Puritan-Bennett-Coupler-With-DISS-Auxiliary-Port_p_449.html,/products/50-psi-preset-cga-540-oxygen-regulator-0-15-lpm-flowmeter-puritan-bennett-coupler-with-diss-auxiliary-port
/50-PSI-Preset-CGA-540-Oxygen-Regulator-Puritan-Bennett-Coupler-DISS-Auxiliary-Port_p_450.html,/products/50-psi-preset-cga-540-oxygen-regulator-puritan-bennett-coupler-diss-auxiliary-port
/50-psi-preset-cga-870-oxygen-regulator-puritan-bennett-coupler_p_451.html,/products/50-psi-preset-cga-870-oxygen-regulator-puritan-bennett-coupler
/50-PSI-Preset-CGA-540-Oxygen-Regulator-Puritan-Bennett-Coupler_p_452.html,/products/50-psi-preset-cga-540-oxygen-regulator-puritan-bennett-coupler
/50-PSI-Preset-CGA-540-Oxygen-Regulator-0-15-LPM-Click-Style-Flowmeter-Chemetron-Coupler-DISS-Auxiliary-Port_p_453.html,/products/50-psi-preset-cga-540-oxygen-regulator-0-15-lpm-click-style-flowmeter-chemetron-coupler-diss-auxiliary-port
/50-PSI-Preset-CGA-540-Oxygen-Regulator-0-15-LPM-Click-Style-Flowmeter-Ohmeda-Coupler-With-DISS-Auxiliary-Port_p_455.html,/products/50-psi-preset-cga-540-oxygen-regulator-0-15-lpm-click-style-flowmeter-ohmeda-coupler-with-diss-auxiliary-port
/50-PSI-Preset-CGA-540-Oxygen-Regulator-0-15-LPM-Flowmeter-Ohmeda-Coupler-With-DISS-Auxiliary-Port_p_457.html,/products/50-psi-preset-cga-540-oxygen-regulator-0-15-lpm-flowmeter-ohmeda-coupler-with-diss-auxiliary-port
/50-PSI-Preset-CGA-540-Oxygen-Regulator-Ohmeda-Coupler-DISS-Auxiliary-Port_p_458.html,/products/50-psi-preset-cga-540-oxygen-regulator-ohmeda-coupler-diss-auxiliary-port
/50-PSI-Preset-CGA-540-Oxygen-Regulator-Ohmeda-Coupler_p_459.html,/products/50-psi-preset-cga-540-oxygen-regulator-ohmeda-coupler
/50-PSI-Preset-CGA-540-Oxygen-Regulator-0-15-LPM-Flowmeter-Chemetron-Coupler-With-DISS-Auxiliary-Port_p_460.html,/products/50-psi-preset-cga-540-oxygen-regulator-0-15-lpm-flowmeter-chemetron-coupler-with-diss-auxiliary-port
/50-PSI-Preset-CGA-540-Oxygen-Regulator-Chemetron-Coupler-DISS-Auxiliary-Port_p_461.html,/products/50-psi-preset-cga-540-oxygen-regulator-chemetron-coupler-diss-auxiliary-port
/50-PSI-Preset-CGA-540-Oxygen-Regulator-Chemetron-Coupler_p_462.html,/products/50-psi-preset-cga-540-oxygen-regulator-chemetron-coupler
/Configurable-Nitrous-Oxide-Hose_p_465.html,/products/nitrous-oxide-hose
/Configurable-Nitrogen-Hose_p_466.html,/products/nitrogen-hose
/Configurable-Carbon-Dioxide-Hose_p_467.html,/products/carbon-dioxide-hose
/Configurable-Evacuation-Hose-WAGD_p_468.html,/products/evacuation-hose
/Emergency-Oxygen-Supply-Manifold-Kit_p_471.html,/products/emergency-oxygen-supply-manifold-kit
/3-Mode-Continuous-Full-Line-Vacuum-Regulator_p_472.html,/products/3-mode-continuous-full-line-vacuum-regulator
/3-Mode-Continuous-Intermittent-Vacuum-Regulator_p_473.html,/products/3-mode-continuous-intermittent-vacuum-regulator
/Air-Wall-Outlet-Extension-Manifolds_p_475.html,/products/air-wall-outlet-extension-manifold
/Vacuum-Wall-Outlet-Extension-Manifolds_p_476.html,/products/vacuum-wall-outlet-extension-manifolds
/Tenacore-High-Flow-Oxygen-Air-Blender_p_477.html,/products/tenacore-high-flow-oxygen-air-blender
/Tenacore-Low-Flow-Oxygen-Air-Blender_p_478.html,/products/tenacore-low-flow-oxygen-air-blender
/Wall-Mount-Dual-Cylinder-Holder-Accessory_p_481.html,/products/wall-mount-dual-cylinder-holder-accessory
/Wall-Mount-Cylinder-Holder-Accessory_p_482.html,/products/wall-mount-cylinder-holder-accessory
/E-Cylinder-Holder-With-Mounting-Hook_p_483.html,/products/e-cylinder-holder-with-mounting-hook
/Continuous-Subglottic-Suction-Regulator_p_489.html,/products/continuous-subglottic-suction-regulator
/In-Line-0-200-PSI-Adjustable-Pressure-Nitrogen-Regulator_p_502.html,/products/in-line-0-200-psi-adjustable-pressure-nitrogen-regulator
/In-Line-0-60-PSI-Nitrogen-Pressure-Regulator_p_504.html,/products/in-line-0-60-psi-nitrogen-pressure-regulator
/Specialty-Inline-Adjustable-Pressure-Air-Regulator-and-Flowmeter_p_507.html,/products/specialty-inline-adjustable-pressure-air-regulator-and-flowmeter
/Dual-In-Line-0-200-PSI-Adjustable-Pressure-Nitrogen-Regulator_p_509.html,/products/dual-in-line-0-200-psi-adjustable-pressure-nitrogen-regulator
/Hose-Ferrule_p_513.html,/products/hose-ferrule
/Pole-Mounted-CO2-Flowmeter-System_p_515.html,/products/pole-mounted-co2-flowmeter-system
/Deluxe-Pole-Mount-E-Cylinder-Holder_p_516.html,/products/deluxe-pole-mount-e-cylinder-holder
/IV-Deluxe-IV-Pole_p_517.html,/products/iv-deluxe-iv-pole
/IV-Deluxe-Equipment-Pole_p_520.html,/products/iv-deluxe-equipment-pole
/IV-Deluxe-Dual-E-Cylinder-Holder-for-2-Inch-Pole_p_521.html,/products/iv-deluxe-dual-e-cylinder-holder-for-2-inch-pole
/IV-Deluxe-Basket-For-2-Inch-Poles_p_522.html,/products/iv-deluxe-basket-for-2-inch-poles
/IV-Deluxe-Handle-For-2-Inch-Poles_p_523.html,/products/iv-deluxe-handle-for-2-inch-poles
/IV-Deluxe-Hospital-Grade-Power-Strip-For-2-Inch-Pole_p_524.html,/products/iv-deluxe-hospital-grade-power-strip-for-2-inch-pole
/Pole-Mounted-Hospital-Grade-Power-Strip_p_525.html,/products/pole-mounted-hospital-grade-power-strip
/Hose-Ferrule-Crimping-Tool_p_526.html,/products/hose-ferrule-crimping-tool
/liter-meter_p_527.html,/products/liter-meter
/configurable-mri-conditional-oxygen-hose_p_529.html,/products/mri-conditional-oxygen-hose
/configurable-mri-conditional-vacuum-hose_p_530.html,/products/mri-conditional-vacuum-hose
/configurable-mri-conditional-air-hose_p_531.html,/products/mri-conditional-air-hose
/MRI-Compatible-Preset-50-PSI-Air-Regulator-CGA-346-With-Flowmeter_p_533.html,/products/mri-compatible-preset-50-psi-air-regulator-cga-346-with-flowmeter
/MRI-Compatible-Preset-50-PSI-Air-Regulator-CGA-950-With-Flowmeter_p_534.html,/products/mri-compatible-preset-50-psi-air-regulator-cga-950-with-flowmeter
/Configurable-Heliox-Hose_p_535.html,/products/heliox-hose
/5-Piece-Blowgun-Nozzle-Kit_p_537.html,/products/5-piece-blowgun-nozzle-kit
/Deluxe-Pole-Mounted-Hospital-Grade-Power-Strip_p_541.html,/products/deluxe-pole-mounted-hospital-grade-power-strip
/Deluxe-E-Cylinder-Pole-Mount-With-45-Degree-Tilt_p_542.html,/products/deluxe-e-cylinder-pole-mount-with-45-degree-tilt
/Rail-Mount-Ventilator-Clamp-for-Transport-Cylinders_p_543.html,/products/rail-mount-ventilator-clamp-for-transport-cylinders
/Single-Stage-CO2-Regulator-With-Flowmeter-CGA-940-for-Small-Cylinder_p_544.html,/products/single-stage-co2-regulator-with-flowmeter-cga-940-for-small-cylinder
/CO2-Insufflator-Manifold-With-2-On-Off-Valves-No-Gauges_p_545.html,/products/co2-insufflator-manifold-with-2-on-off-valves-no-gauges
/MRI-Compatible-50-PSI-Preset-Specialty-Regulator-CGA-870_p_548.html,/products/mri-compatible-50-psi-preset-specialty-regulator-cga-870
/MRI-Compatible-50-PSI-Preset-Specialty-Regulator-CGA-870-With-Power-Take-Off_p_549.html,/products/mri-compatible-50-psi-preset-specialty-regulator-cga-870-with-power-take-off
/MRI-Compatible-50-PSI-Preset-Specialty-Regulator-CGA-540-With-Power-Take-Off_p_550.html,/products/mri-compatible-50-psi-preset-specialty-regulator-cga-540-with-power-take-off
/MRI-Compatible-50-PSI-Preset-Specialty-Regulator-CGA-540_p_551.html,/products/mri-compatible-50-psi-preset-specialty-regulator-cga-540
/Fire-Safe-2-E-Size-Cylinder-Cabinets_p_557.html,/products/fire-safe-2-e-size-cylinder-cabinets
/Fire-Safe-4-E-Size-Cylinder-Cabinets_p_558.html,/products/fire-safe-4-e-size-cylinder-cabinets
/Fire-Safe-12-E-Size-Cylinder-Cabinets_p_559.html,/products/fire-safe-12-e-size-cylinder-cabinets
/Fire-Safe-24-E-Size-Cylinder-Cabinets_p_560.html,/products/fire-safe-24-e-size-cylinder-cabinets
/Fire-Safe-9-Large-H-Size-Cylinder-Cabinets_p_561.html,/products/fire-safe-9-large-h-size-cylinder-cabinets
/Fire-Safe-12-Large-H-Size-Cylinder-Cabinets_p_562.html,/products/fire-safe-12-large-h-size-cylinder-cabinets
/E-D-Size-Oxygen-Cylinder-Holder-for-Flat-Surface-Mounting_p_563.html,/products/e-d-size-oxygen-cylinder-holder-for-flat-surface-mounting
/4-E-Oxygen-Cylinder-Rack_p_564.html,/products/4-e-oxygen-cylinder-rack
/mri-conditional-1-inch-diameter-ivs-versa-stand-series-iv-pole_p_568.html,/products/mri-conditional-1-inch-diameter-ivs-versa-stand-series-iv-pole
/mri-conditional-1-inch-diameter-ivs-series-equipment-pole_p_574.html,/products/mri-conditional-1-inch-diameter-ivs-series-equipment-pole
/Heliox-Single-Stage-50-PSI-Regulator-for-Large-or-Small-Cylinders_p_575.html,/products/heliox-single-stage-50-psi-regulator-for-large-or-small-cylinders
/Color-Coded-Replacement-IV-Pole-Pig-Tops_p_576.html,/products/color-coded-replacement-iv-pole-pig-tops
/MRI-Compatible-Preset-50-PSI-Air-Regulator-CGA-950_p_579.html,/products/mri-compatible-preset-50-psi-air-regulator-cga-950
/MRI-Compatible-Preset-50-PSI-Air-Regulator-CGA-346_p_581.html,/products/mri-compatible-preset-50-psi-air-regulator-cga-346
/MRI-Compatible-Oxygen-Wall-Outlet-Extension-Manifolds_p_585.html,/products/mri-compatible-oxygen-wall-outlet-extension-manifold
/MRI-Compatible-Air-Wall-Outlet-Extension-Manifolds_p_586.html,/products/mri-compatible-air-wall-outlet-extension-manifold
/MRI-Compatible-Vacuum-Wall-Outlet-Extension-Manifolds_p_587.html,/products/mri-compatible-vacuum-wall-outlet-extension-manifolds
/4-E-Oxygen-Tilt-Back-Cylinder-Cart_p_595.html,/products/4-e-oxygen-tilt-back-cylinder-cart
/Deluxe-Fingertip-Pulse-Oximiter_p_596.html,/products/deluxe-fingertip-pulse-oximiter
/FDA-Approved-MRI-Safe-Wheelchair_p_599.html,/products/fda-approved-mri-safe-wheelchair
/MRI-Compatible-Tenacore-High-Flow-Oxygen-Air-Blender_p_603.html,/products/mri-compatible-tenacore-high-flow-oxygen-air-blender
/MRI-Compatible-Tenacore-Low-Flow-Oxygen-Air-Blender_p_604.html,/products/mri-compatible-tenacore-low-flow-oxygen-air-blender
/Air-Click-Flowmeter_p_607.html,/products/air-click-flowmeter
/air-flowmeter-0-15-lpm-back-port_p_608.html,/products/air-flowmeter-0-15-lpm-back-port
/Air-Flowmeter-0-15-LPM-Side-Port_p_610.html,/products/air-flowmeter-0-15-lpm-side-port
/Oxygen-Flowmeter-Side-Inlet-Style_p_611.html,/products/oxygen-flowmeter-side-inlet-style
/Oxygen-Select-Flowmeter-0-15-LPM_p_612.html,/products/oxygen-select-flowmeter-0-15-lpm
/Pediatric-Oxygen-Flowmeter-0-3-LPM_p_613.html,/products/pediatric-oxygen-flowmeter-0-3-lpm
/Oxygen-Click-Flowmeter_p_614.html,/products/oxygen-click-flowmeter
/Pediatric-Oxygen-Flowmeter-0-5-LPM_p_615.html,/products/pediatric-oxygen-flowmeter-0-5-lpm
/Oxygen-Flowmeter-Back-Inlet-Style_p_616.html,/products/oxygen-flowmeter-back-inlet-style
/Neonatal-Oxygen-Flowmeter-0-200-CC_p_617.html,/products/neonatal-oxygen-flowmeter-0-200-cc
/oxygen-flowmeter-high-flow-0-70-lpm_p_618.html,/products/oxygen-flowmeter-high-flow-0-70-lpm
/CO2-Flowmeter-0-12-LPM-Side-Port-Inlet_p_620.html,/products/co2-flowmeter-0-12-lpm-side-port-inlet
/mri-conditional-oxygen-flowmeter-0-15-lpm_p_621.html,/products/mri-conditional-oxygen-flowmeter-0-15-lpm
/mri-conditional-air-flowmeter-0-15-lpm-side-port_p_622.html,/products/mri-conditional-air-flowmeter-0-15-lpm-side-port
/Pole-Mounted-Oxygen-Flowmeter-System_p_623.html,/products/pole-mounted-oxygen-flowmeter-system
/Pole-Mounted-Backup-Battery-Transport-Battery-Tripplite-Mounting-Tray_p_624.html,/products/pole-mounted-backup-battery-transport-battery-tripplite-mounting-tray
/Oxygen-Diaphragm-Regulator-With-Adjustable-Pressure-0-100-PSI-CGA-870_p_625.html,/products/oxygen-diaphragm-regulator-with-adjustable-pressure-0-100-psi-cga-870
/Oxygen-Diaphragm-Regulator-With-Adjustable-Pressure-0-100-PSI-CGA-540_p_626.html,/products/oxygen-diaphragm-regulator-with-adjustable-pressure-0-100-psi-cga-540
/diaphragm-air-regulator-with-adjustable-pressure-0-100-psi-cga-346_p_627.html,/products/diaphragm-air-regulator-with-adjustable-pressure-0-100-psi-cga-346
/diaphragm-air-regulator-with-adjustable-pressure-0-100-psi-cga-346-western-brand_p_628.html,/products/diaphragm-air-regulator-with-adjustable-pressure-0-100-psi-cga-346-western-brand
/Timox-Oxygen-Timer_p_629.html,/products/timox-oxygen-timer
/Compact-50-PSI-Preset-Air-Regulator-CGA-346_p_632.html,/products/compact-50-psi-preset-air-regulator-cga-346
/Nitrogen-Click-Style-Regulator-CGA-960_p_633.html,/products/nitrogen-click-style-regulator-cga-960
/Nitrogen-Regulator-With-Flowmeter-CGA-580_p_634.html,/products/nitrogen-regulator-with-flowmeter-cga-580
/Oxygen-Standard-Body-Click-Regulator-With-Coupler-Outlet_p_637.html,/products/oxygen-standard-body-click-regulator-with-coupler-outlet
/mri-conditional-4-e-cylinder-cart-tilt-back_p_639.html,/products/mri-conditional-4-e-cylinder-cart-tilt-back
/Oxygen-DISS-Gas-Tight-Cap-With-Security-Chain_p_640.html,/products/oxygen-diss-gas-tight-cap-with-security-chain
/Cylinder-Cart-4-M60-Size-Cylinders_p_641.html,/products/cylinder-cart-4-m60-size-cylinders
/Cylinder-Cart-6-M60-Size-Cylinders_p_642.html,/products/cylinder-cart-6-m60-size-cylinders
/50-PSI-Preset-Nitrogen-Regulator-CGA-960_p_643.html,/products/50-psi-preset-nitrogen-regulator-cga-960
/50-PSI-Preset-Nitrogen-Regulator-CGA-580_p_644.html,/products/50-psi-preset-nitrogen-regulator-cga-580
/Deluxe-Dual-E-Pole-Mount-Cylinder-Holder-1-Inch-1.25-Inch-Poles_p_646.html,/products/deluxe-dual-e-pole-mount-cylinder-holder-1-inch-1-25-inch-poles
/Pole-Mount-Equipment-Pole-Handle_p_647.html,/products/pole-mount-equipment-pole-handle
/Cylinder-Rack-4-M22-Jumbo-D-Size-Cylinders_p_648.html,/products/cylinder-rack-4-m22-jumbo-d-size-cylinders
/Cylinder-Cart-6-M22-Jumbo-D-Size-Cylinders_p_649.html,/products/cylinder-cart-6-m22-jumbo-d-size-cylinders
/Cylinde-Rack-4-M60-Size-Cylinders_p_650.html,/products/cylinde-rack-4-m60-size-cylinders
/Cylinder-Rack-6-M60-Size-Cylinders_p_651.html,/products/cylinder-rack-6-m60-size-cylinders
/Cylinder-Rack-6-M22-Jumbo-D-Size-Cylinders_p_653.html,/products/cylinder-rack-6-m22-jumbo-d-size-cylinders
/Cylinder-Cart-4-M22-Jumbo-D-Size-Cylinders_p_654.html,/products/cylinder-cart-4-m22-jumbo-d-size-cylinders
/50-PSI-Preset-CO2-Regulator-CGA-320-for-Large-Cylinder_p_655.html,/products/50-psi-preset-co2-regulator-cga-320-for-large-cylinder
/50-PSI-Preset-CO2-Regulator-CGA-940-for-Small-Cylinder_p_656.html,/products/50-psi-preset-co2-regulator-cga-940-for-small-cylinder
/Replacement-Contents-Gauge-for-VersaReg-Series_p_657.html,/products/replacement-contents-gauge-for-versareg-series
/0-100-PSI-Adjustable-Nitrogen-Regulator-CGA-960_p_659.html,/products/0-100-psi-adjustable-nitrogen-regulator-cga-960
/0-100-PSI-Adjustable-Nitrogen-Regulator-CGA-580_p_660.html,/products/0-100-psi-adjustable-nitrogen-regulator-cga-580
/Nitrous-Oxide-50-PSI-Preset-Diaphragm-Regulator-CGA-910_p_662.html,/products/nitrous-oxide-50-psi-preset-diaphragm-regulator-cga-910
/Nitrous-Oxide-50-PSI-Preset-Diaphragm-Regulator-CGA-326_p_663.html,/products/nitrous-oxide-50-psi-preset-diaphragm-regulator-cga-326
/Nitrous-Oxide-0-100-PSI-Adjustable-Regulator-CGA-326_p_664.html,/products/nitrous-oxide-0-100-psi-adjustable-regulator-cga-326
/Nitrous-Oxide-0-100-PSI-Adjustable-Regulator-CGA-910_p_665.html,/products/nitrous-oxide-0-100-psi-adjustable-regulator-cga-910
/mri-conditional-deluxe-e-cylinder-holder_p_666.html,/products/mri-conditional-deluxe-e-cylinder-holder
/mri-conditional-m60-m90-m122-m155-wall-mount_p_667.html,/products/mri-conditional-m60-m90-m122-m155-wall-mount
/15-M6-M4-Oxygen-Tilt-Back-Cylinder-Cart_p_668.html,/products/15-m6-m4-oxygen-tilt-back-cylinder-cart
/Nitrous-Oxide-Flowmeter-0-12-LPM-Back-Port_p_669.html,/products/nitrous-oxide-flowmeter-0-12-lpm-back-port
/mri-conditional-ivdeluxe-equipment-pole-with-dual-e-cylinder-holder_p_670.html,/products/mri-conditional-ivdeluxe-equipment-pole-with-dual-e-cylinder-holder
/mri-conditional-ivdeluxe-equipment-stand-and-tray-with-dual-e-cylinder-holder_p_671.html,/products/mri-conditional-ivdeluxe-equipment-stand-and-tray-with-dual-e-cylinder-holder
/DISS-FemaleHex-With-5-16-Barb_p_674.html,/products/diss-femalehex-with-5-16-barb
/Economy-Vehicle-Storage-System-E-Cylinders_p_675.html,/products/economy-vehicle-storage-system-e-cylinders
/Economy-Vehicle-Storage-System-M6-Cylinders_p_676.html,/products/economy-vehicle-storage-system-m6-cylinders
/Economy-4-E-Oxygen-Cylinder-Rack_p_677.html,/products/economy-4-e-oxygen-cylinder-rack
/CO2-CGA-940-Insufflation-Yoke_p_678.html,/products/co2-cga-940-insufflation-yoke
/Stack-Rack-Horizontal-Cylinder-Cart_p_679.html,/products/stack-rack-horizontal-cylinder-cart
/Compact-50-PSI-Preset-Oxygen-Regulator-CGA-540_p_681.html,/products/compact-50-psi-preset-oxygen-regulator-cga-540
/E-D-Cylinder-Wall-Mount-Rack_p_683.html,/products/e-d-cylinder-wall-mount-rack
/Taylor-Wharton-MVE-Lab-Series-Dewars-Liquid-Nitrogen-Tank-Cart-Floor-Stand_p_684.html,/products/taylor-wharton-mve-lab-series-dewars-liquid-nitrogen-tank-cart-floor-stand
/Cylinder-Holder-for-Stryker-In-Touch-Beds_p_685.html,/products/cylinder-holder-for-stryker-in-touch-beds
/Cylinder-Safety-Signs_p_686.html,/products/cylinder-safety-signs
/ems-style-reverse-body-cga-540-regulator_p_687.html,/products/ems-style-reverse-body-cga-540-regulator
/Compact-Unibody-Oxygen-Flowmeter-0-15-LPM_p_688.html,/products/compact-unibody-oxygen-flowmeter-0-15-lpm
/mri-conditional-stainless-steel-heavy-duty-cylinder-cart_p_691.html,/products/mri-conditional-stainless-steel-heavy-duty-cylinder-cart
/Cylinder-Cabinet-Dividers_p_692.html,/products/cylinder-cabinet-dividers
/15-M6-Oxygen-Cylinder-Rack_p_693.html,/products/15-m6-oxygen-cylinder-rack
/6-M6-Oxygen-Cylinder-Tote-Rack_p_695.html,/products/6-m6-oxygen-cylinder-tote-rack
/6-M9-Oxygen-Cylinder-Tote-Rack_p_696.html,/products/6-m9-oxygen-cylinder-tote-rack
/mri-conditional-6-e-cylinder-cart-tilt-back_p_697.html,/products/mri-conditional-6-e-cylinder-cart-tilt-back
/Jumbo-D-Oxygen-Cylinder-Wall-Mount_p_698.html,/products/jumbo-d-oxygen-cylinder-wall-mount
/Tenacore-Vacuum-Trap_p_702.html,/products/tenacore-vacuum-trap
/IVS-Telsecoping-Pole-Mount-Table-Top-Mount-IV-Pole_p_704.html,/products/ivs-telsecoping-pole-mount-table-top-mount-iv-pole
/Xtra-Large-Dual-Oxygen-Cylinder-Wall-Mount_p_707.html,/products/xtra-large-dual-oxygen-cylinder-wall-mount
/Compact-Pole-Mount-Blender-Bracket_p_708.html,/products/compact-pole-mount-blender-bracket
/Compact-D-E-Oxygen-Cylinder-Holder-for-Hanging-Over-Headboards_p_709.html,/products/compact-d-e-oxygen-cylinder-holder-for-hanging-over-headboards
/Deluxe-Pole-Mount-E-D-Compact-Cylinder-Holder_p_710.html,/products/deluxe-pole-mount-e-d-compact-cylinder-holder
/cga-580-connection_p_711.html,/products/cga-580-connection
/CO2-Wall-Outlet-Extension-Manifolds_p_713.html,/products/co2-wall-outlet-extension-manifolds
/mri-conditional-cylinder-wrench-for-large-small-cylinders_p_714.html,/products/mri-conditional-cylinder-wrench-for-large-small-cylinders
/oxygen-jet-ventilator_p_715.html,/products/oxygen-jet-ventilator
/Configurable-Instrument-Air-Hose_p_717.html,/products/instrument-air-hose
/Compact-E-D-Cylinder-Holder-With-Mounting-Hook_p_718.html,/products/compact-e-d-cylinder-holder-with-mounting-hook
/6-E-Economy-Oxygen-Cylinder-Rack_p_719.html,/products/6-e-economy-oxygen-cylinder-rack
/CO2-Flowmeter-0-12-LPM-Back-Port-Inlet_p_720.html,/products/co2-flowmeter-0-12-lpm-back-port-inlet
/Configurable-Carbon-Dioxide-Insufflation-Hose_p_721.html,/products/wall-pressure-carbon-dioxide-insufflation-hose
/25-Foot-Nitrogen-Coiled-Hose-With-Blowgun_p_722.html,/products/25-foot-nitrogen-coiled-hose-with-blowgun
/Nitrogen-Flowmeter-0-100-CFH_p_723.html,/products/nitrogen-flowmeter-0-100-cfh
/CO2-Luer-Lock-DISS-Flowmeter-Connector_p_724.html,/products/co2-luer-lock-diss-flowmeter-connector
/Xmas-Tree-Connector-Chrome-Plated-Brass_p_725.html,/products/xmas-tree-connector-chrome-plated-brass
/Large-Triple-Oxygen-Cylinder-Wall-Mount_p_726.html,/products/large-triple-oxygen-cylinder-wall-mount
/Nitrous-Oxide-Wall-Outlet-Extension-Manifolds_p_730.html,/products/nitrous-oxide-wall-outlet-extension-manifolds
/Oxygen-Therapy-Humidifier_p_731.html,/products/oxygen-therapy-humidifier
/X-Mas-Tree-With-Security-Chain_p_733.html,/products/x-mas-tree-with-security-chain
/Oxygen-Nitrous-Oxide-Hose-Assemblies-for-Accutron-White-Slim-Line-Outlets-and-Porter-Type-Outlets_p_734.html,/products/oxygen-nitrous-oxide-hose-assemblies-for-accutron-white-slim-line-outlets-and-porter-type-outlets
/Porter-Style-Vacuum-Quick-Connect_p_735.html,/products/porter-style-vacuum-quick-connect
/Cylinder-Status-Perforated-Hang-Tags_p_737.html,/products/cylinder-status-perforated-hang-tags
/Weatherproof-Cylinder-Status-Perforated-Hang-Tags_p_738.html,/products/weatherproof-cylinder-status-perforated-hang-tags
/Night-Check-Light-for-Thorpe-Tube-Flowmeters_p_740.html,/products/night-check-light-for-thorpe-tube-flowmeters
/Configurable-Coiled-Medical-Air-Hose_p_742.html,/products/15-foot-coiled-air-hose
/Nitrous-Oxide-Flowmeter-0-12-LPM-Side-Port_p_743.html,/products/nitrous-oxide-flowmeter-0-12-lpm-side-port
/CO2-Beverage-Cylinder-Pallet_p_744.html,/products/co2-beverage-cylinder-pallet
/Configurable-Coiled-Blender-Oxygen-Air-Hose_p_745.html,/products/coiled-blender-hose-oxygen-and-air
/Cylinder-Cart-6-M122-Size-Cylinders_p_746.html,/products/cylinder-cart-6-m122-size-cylinders
/Cylinder-Cart-4-M122-Size-Cylinders_p_747.html,/products/cylinder-cart-4-m122-size-cylinders
/Cylinde-Rack-4-M122-Size-Cylinders_p_748.html,/products/cylinde-rack-4-m122-size-cylinders
/Cylinde-Rack-6-M122-Size-Cylinders_p_749.html,/products/cylinde-rack-6-m122-size-cylinders
/Cylinde-Rack-2-M122-Size-Cylinders_p_750.html,/products/cylinde-rack-2-m122-size-cylinders
/CO2-Click-Style-Flowmeter-0-15-LPM-Back-Port-Inlet_p_752.html,/products/co2-click-style-flowmeter-0-15-lpm-back-port-inlet
/Demand-Resuscitator-Valve_p_753.html,/products/demand-resuscitator-valve
/Resuscitation-Masks_p_754.html,/products/resuscitation-masks
/Insufflation-Manifold-Wall-Mount-Bracket_p_755.html,/products/insufflation-manifold-wall-mount-bracket
/Maxtec-SmartStack-Deluxe-IV-Pole_p_756.html,/products/maxtec-smartstack-deluxe-iv-pole
/Pole-Mount-Female-Bracket-for-F-and-P-Heaters-or-Siemens-Heaters_p_757.html,/products/pole-mount-female-bracket-for-f-and-p-heaters-or-siemens-heaters
/Cylinder-Holder-for-Hill-Rom-VersaCare-Beds_p_758.html,/products/cylinder-holder-for-hill-rom-versacare-beds
/Medical-Gas-Hose-250-Foot-Roll_p_759.html,/products/medical-gas-hose-250-foot-roll
/Equipment-Stand-For-Nonin-9600-Avant_p_760.html,/products/equipment-stand-for-nonin-9600-avant
/Oxygen-Diaphragm-Regulator-With-Adjustable-Pressure-0-100-PSI-CGA-870_p_761.html,/products/oxygen-diaphragm-regulator-with-adjustable-pressure-0-100-psi-cga-870
/Oxygen-Diaphragm-Regulator-With-Adjustable-Pressure-0-100-PSI-CGA-870_p_762.html,/products/oxygen-diaphragm-regulator-with-adjustable-pressure-0-100-psi-cga-870
/50-PSI-Preset-Diaphragm-Oxygen-Regulator-CGA-540_p_763.html,/products/50-psi-preset-diaphragm-oxygen-regulator-cga-540
/50-PSI-Preset-Diaphragm-Oxygen-Regulator-CGA-540_p_764.html,/products/50-psi-preset-diaphragm-oxygen-regulator-cga-540
/50-PSI-Preset-Diaphragm-Oxygen-Regulator-CGA-540_p_765.html,/products/50-psi-preset-diaphragm-oxygen-regulator-cga-540
/50-PSI-Preset-Diaphragm-Oxygen-Regulator-CGA-540_p_766.html,/products/50-psi-preset-diaphragm-oxygen-regulator-cga-540
/50-PSI-Preset-Diaphragm-Oxygen-Regulator-CGA-540_p_767.html,/products/50-psi-preset-diaphragm-oxygen-regulator-cga-540
/50-PSI-Preset-Diaphragm-Oxygen-Regulator-CGA-540_p_768.html,/products/50-psi-preset-diaphragm-oxygen-regulator-cga-540
/50-PSI-Preset-Diaphragm-Oxygen-Regulator-CGA-540_p_769.html,/products/50-psi-preset-diaphragm-oxygen-regulator-cga-540
/configurable-mri-conditional-evacuation-hose-wagd_p_771.html,/products/mri-conditional-evacuation-hose-wagd
/Pole-Mounted-Accessory-Basket_p_772.html,/products/pole-mounted-accessory-basket
/configurable-mri-conditional-nitrous-oxide-hose_p_773.html,/products/mri-conditional-nitrous-oxide-hose
/CO2-Insufflation-In-Line-Contents-Gauge-Standard_p_774.html,/products/co2-insufflation-in-line-contents-gauge-standard
/Oxygen-Transport-Regulator_p_775.html,/products/oxygen-transport-regulator
/Pole-Mount-LTV-Ventilator-Bracket_p_776.html,/products/pole-mount-ltv-ventilator-bracket
/mri-conditional-pole-mount-ltv-ventilator-bracket_p_777.html,/products/mri-conditional-pole-mount-ltv-ventilator-bracket
/Air-Transport-Regulator_p_778.html,/products/air-transport-regulator
/Deluxe-CO2-Insufflator-Manifold-With-Single-Tank-Selector-Valve_p_779.html,/products/deluxe-co2-insufflator-manifold-with-single-tank-selector-valve
/Hospital-Grade-Back-Up-Power-Supply-450W-Power-System_p_780.html,/products/hospital-grade-back-up-power-supply-450w-power-system
/Click-Style-Heliox-Regulator-CGA-890-E-Cylinder_p_781.html,/products/click-style-heliox-regulator-cga-890-e-cylinder
/Click-Style-Heliox-Regulator-CGA-280-Large-Cylinder_p_782.html,/products/click-style-heliox-regulator-cga-280-large-cylinder
/Air-Transport-Regulator_p_783.html,/products/air-transport-regulator
/Hospital-Grade-4-Way-or-6-Way-Power-Strip_p_784.html,/products/hospital-grade-4-way-or-6-way-power-strip
/TRIPP-LITE-Backup-Battery-WALL-MOUNT_p_785.html,/products/tripp-lite-backup-battery-wall-mount
/Hospital-Grade-Back-Up-Power-Supply-750W-Power-System_p_786.html,/products/hospital-grade-back-up-power-supply-750w-power-system
/Deluxe-Lithium-Iron-Hospital-Grade-Back-Up-Power-Supply-750W-Power-System_p_787.html,/products/deluxe-lithium-iron-hospital-grade-back-up-power-supply-750w-power-system
/Deluxe-Lithium-Iron-Hospital-Grade-Back-Up-Power-Supply-450W-Power-System_p_788.html,/products/deluxe-lithium-iron-hospital-grade-back-up-power-supply-450w-power-system
/Pole-Mount-Foley-Bag-Hook_p_789.html,/products/pole-mount-foley-bag-hook
/pole-mount-cord-wrap_p_790.html,/products/pole-mount-cord-wrap
/Heavy-Duty-Dual-M6-Cylinder-Floor-Rack_p_791.html,/products/heavy-duty-dual-m6-cylinder-floor-rack
/Mixed-Gas-50-PSI-Preset-Diaphragm-Regulator-CGA-500_p_792.html,/products/mixed-gas-50-psi-preset-diaphragm-regulator-cga-500
/Mixed-Gas-50-PSI-Preset-Diaphragm-Regulator-CGA-973-Small-Tank_p_793.html,/products/mixed-gas-50-psi-preset-diaphragm-regulator-cga-973-small-tank
/Specialty-Mixed-Gas-80-PSI-Preset-Diaphragm-Regulator-CGA-500_p_794.html,/products/specialty-mixed-gas-80-psi-preset-diaphragm-regulator-cga-500
/Custom-Mixed-Gas-80-PSI-Preset-Diaphragm-Regulator-CGA-973-Small-Tank_p_795.html,/products/custom-mixed-gas-80-psi-preset-diaphragm-regulator-cga-973-small-tank
/Specialty-Mixed-Gas-70-PSI-Preset-Diaphragm-Regulator-CGA-500_p_796.html,/products/specialty-mixed-gas-70-psi-preset-diaphragm-regulator-cga-500
/Custom-Mixed-Gas-70-PSI-Preset-Diaphragm-Regulator-CGA-973-Small-Tank_p_797.html,/products/custom-mixed-gas-70-psi-preset-diaphragm-regulator-cga-973-small-tank
/Mixed-Gas-0-100-PSI-Adjustable-Regulator-CGA-973-Small-Tank_p_798.html,/products/mixed-gas-0-100-psi-adjustable-regulator-cga-973-small-tank
/Mixed-Gas-0-100-PSI-Adjustable-Regulator-CGA-500-Large-Tank_p_799.html,/products/mixed-gas-0-100-psi-adjustable-regulator-cga-500-large-tank
/Compact-Nitrous-Oxide-50-PSI-Preset-Diaphragm-Regulator-CGA-910_p_800.html,/products/compact-nitrous-oxide-50-psi-preset-diaphragm-regulator-cga-910
/Compact-Nitrous-Oxide-50-PSI-Preset-Diaphragm-Regulator-CGA-326_p_801.html,/products/compact-nitrous-oxide-50-psi-preset-diaphragm-regulator-cga-326
/IVS-Telsecoping-Flat-Mount-IV-Pole_p_803.html,/products/ivs-telsecoping-flat-mount-iv-pole
/MRI-Conditional-24-Inch-Bariatric-Wheelchair_p_804.html,/products/mri-conditional-24-inch-bariatric-wheelchair
/25-Foot-Instrument-Air-Coil-Hose-With-Blowgun_p_819.html,/products/25-foot-instrument-air-coil-hose-with-blowgun
/Omnimed-Power-Lifter-IV-Pole-Lift-Assist_p_820.html,/products/omnimed-power-lifter-iv-pole-lift-assist
/Digital-Wright-Type-Respirometer-for-Tidal-Volume-Measurement_p_822.html,/products/digital-wright-type-respirometer-for-tidal-volume-measurement
/Deluxe-Oxygen-Compact-Regulator-CGA-540-With-2-DISS-50-psi-Power-Take-Off-Ports_p_823.html,/products/deluxe-oxygen-compact-regulator-cga-540-with-2-diss-50-psi-power-take-off-ports
/one-way-shut-off-valve_p_826.html,/products/one-way-shut-off-valve
/oxygen-flowmeter-high-flow-0-50-lpm_p_827.html,/products/oxygen-flowmeter-high-flow-0-50-lpm
/oxygen-flowmeter-deluxe-high-flow-0-75-lpm_p_828.html,/products/oxygen-flowmeter-deluxe-high-flow-0-75-lpm
/compact-pole-mount-blender-bracket-suction-cannister-holder-bracket_p_829.html,/products/compact-pole-mount-blender-bracket-suction-cannister-holder-bracket
/maxtec-oxygen-high-flow-flowmeter-0-70-lpm_p_830.html,/products/maxtec-oxygen-high-flow-flowmeter-0-70-lpm
/porter-style-oxygen-quick-connect_p_831.html,/products/porter-style-oxygen-quick-connect
/cga-regulator-replacement-washers_p_832.html,/products/cga-regulator-replacement-washers
/hose-cord-wrap_p_833.html,/products/hose-cord-wrap
/versa-stand-equipment-cover-roll-dispenser_p_835.html,/products/versa-stand-equipment-cover-roll-dispenser
/equipment-covers.html_p_836.html,/products/equipment-covers-html
/diss-male-1020-a-adaptor-for-special-mixtures_p_837.html,/products/diss-male-1020-a-adaptor-for-special-mixtures
/mri-conditional-nitrous-oxide-flowmeter-0-12-lpm-side-port_p_839.html,/products/mri-conditional-nitrous-oxide-flowmeter-0-12-lpm-side-port
/mri-compatible-pole-mount-blender-bracket_p_840.html,/products/mri-compatible-pole-mount-blender-bracket
/eastern-rail-style-thermometer-holder_p_841.html,/products/eastern-rail-style-thermometer-holder
/heavy-duty-dual-e-cylinder-floor-rack_p_843.html,/products/heavy-duty-dual-e-cylinder-floor-rack
/flotec-brand-emergency-oxygen-supply-manifold-kit_p_844.html,/products/flotec-brand-emergency-oxygen-supply-manifold-kit
/metal-cylinder-wrench-for-small-cylinders_p_845.html,/products/metal-cylinder-wrench-for-small-cylinders
/ceiling-drop-dual-hose-retractor_p_846.html,/products/ceiling-drop-dual-hose-retractor
/small-cylinder-holder-for-flat-surface-mounting_p_847.html,/products/small-cylinder-holder-for-flat-surface-mounting
/xmas-tree-connector-grey-color_p_853.html,/products/xmas-tree-connector-grey-color
/tamper-resistant-outlet-covers_p_854.html,/products/tamper-resistant-outlet-covers
/western-enterprises-oxygen-diaphragm-regulator-with-adjustable-pressure-cga540_p_855.html,/products/western-enterprises-oxygen-diaphragm-regulator-with-adjustable-pressure-cga540
/drop-ear-elbow_p_862.html,/products/drop-ear-elbow
/m6-size-cylinder-tote_p_863.html,/products/m6-size-cylinder-tote
/precision-brand-back-inlet-oxygen-flowmeter_p_864.html,/products/precision-brand-back-inlet-oxygen-flowmeter
/precision-brand-air-flowmeter-0-15-lpm-back-port_p_865.html,/products/precision-brand-air-flowmeter-0-15-lpm-back-port
/mri-conditional-oxygen-back-port-flowmeter-0-15-lpm_p_866.html,/products/mri-conditional-oxygen-back-port-flowmeter-0-15-lpm
/mri-conditional-air-back-port-flowmeter-0-15-lpm_p_867.html,/products/mri-conditional-air-back-port-flowmeter-0-15-lpm
/skytron-rail-e-d-m9-cylinder-holder_p_869.html,/products/skytron-rail-e-d-m9-cylinder-holder
/oxygen-flowmeter-back-inlet-style-0-8-lpm_p_870.html,/products/oxygen-flowmeter-back-inlet-style-0-8-lpm
/ivs-ventilator-iv-pole-attachment_p_871.html,/products/ivs-ventilator-iv-pole-attachment
/mri-conditional-hamilton-mr1-dual-e-cylinder-holder_p_872.html,/products/mri-conditional-hamilton-mr1-dual-e-cylinder-holder
/hamilton-c1-t1-dual-e-cylinder-holder-retrofit_p_873.html,/products/hamilton-c1-t1-dual-e-cylinder-holder-retrofit
/pole-mount-clamp-with-three-eighth-npt-female-ports_p_874.html,/products/pole-mount-clamp-with-three-eighth-npt-female-ports
/amico-rail-mount-blender-bracket_p_875.html,/products/amico-rail-mount-blender-bracket
/biodex-mri-gurney-20-degree-cylinder-holder_p_876.html,/products/biodex-mri-gurney-20-degree-cylinder-holder
/mri-90-to-45-degree-e-size-cylinder-holder-for-up-to-2-inch-diameter-tube-or-rail_p_877.html,/products/mri-90-to-45-degree-e-size-cylinder-holder-for-up-to-2-inch-diameter-tube-or-rail
/pole-mount-dual-blender-suction-canister-bracket_p_878.html,/products/pole-mount-dual-blender-suction-canister-bracket
/hamiltonc1t1dualtiltedecylinderholder_p_879.html,/products/hamiltonc1t1dualtiltedecylinderholder
/pediatric-oxygen-flowmeter-0-3-lpm-precision-brand_p_880.html,/products/pediatric-oxygen-flowmeter-0-3-lpm-precision-brand
/pediatric-oxygen-flowmeter-0-5-lpm-precision-brand_p_881.html,/products/pediatric-oxygen-flowmeter-0-5-lpm-precision-brand
/oxygen-flowmeter-high-flow-0-70-lpm-precision-brand_p_882.html,/products/oxygen-flowmeter-high-flow-0-70-lpm-precision-brand
/high-flow-air-flowmeter-0-70-lpm-precision-brand_p_883.html,/products/high-flow-air-flowmeter-0-70-lpm-precision-brand
/nitrous-oxide-50-psi-preset-diaphragm-regulator-cga-910-with-0-12-lpm-flowmeter_p_884.html,/products/nitrous-oxide-50-psi-preset-diaphragm-regulator-cga-910-with-0-12-lpm-flowmeter
/nitrous-oxide-50-psi-preset-diaphragm-regulator-cga-326-with-0-12-lpm-flowmeter_p_885.html,/products/nitrous-oxide-50-psi-preset-diaphragm-regulator-cga-326-with-0-12-lpm-flowmeter
/compact-nitrous-oxide-50-psi-preset-diaphragm-regulator-cga-910-with-0-12-lpm-flowmeter_p_886.html,/products/compact-nitrous-oxide-50-psi-preset-diaphragm-regulator-cga-910-with-0-12-lpm-flowmeter
/compact-nitrous-oxide-50-psi-preset-diaphragm-regulator-cga-326-with-0-12-lpm-flowmeter_p_887.html,/products/compact-nitrous-oxide-50-psi-preset-diaphragm-regulator-cga-326-with-0-12-lpm-flowmeter
/western-brand-single-adjustable-nitrogen-regulator_p_888.html,/products/western-brand-single-adjustable-nitrogen-regulator
/western-brand-oxygen-diaphragm-regulator-with-0-100-psi-cga-870_p_889.html,/products/western-brand-oxygen-diaphragm-regulator-with-0-100-psi-cga-870
/diaphragm-air-regulator-with-adjustable-pressure-0-100-psi-cga-950-western-brand_p_890.html,/products/diaphragm-air-regulator-with-adjustable-pressure-0-100-psi-cga-950-western-brand
/flexible-co2-insufflation-high-pressure-pigtail-configurator_p_891.html,/products/flexible-high-pressure-pigtail
/cga-870-oxygen-regulator-0-25-lpm-with-2-ptos_p_893.html,/products/cga-870-oxygen-regulator-0-25-lpm-with-2-ptos
/diaphragm-air-regulator-with-adjustable-pressure-0-100-psi-cga-950_p_894.html,/products/diaphragm-air-regulator-with-adjustable-pressure-0-100-psi-cga-950
/pole-mounted-backup-battery-transport-battery-tripplite-mounting-tray-with-versatile-mounting-clamp_p_895.html,/products/pole-mounted-backup-battery-transport-battery-tripplite-mounting-tray-with-versatile-mounting-clamp
/pediatric-oxygen-flowmeter-0-1-lpm-precision-brand_p_896.html,/products/pediatric-oxygen-flowmeter-0-1-lpm-precision-brand
/cga-500-connection_p_897.html,/products/cga-500-connection
/cga-346-connection_p_898.html,/products/cga-346-connection
/cga-280-connection_p_899.html,/products/cga-280-connection
/cga-326-connection_p_900.html,/products/cga-326-connection
/cga-540-connection_p_901.html,/products/cga-540-connection
/air-cga-950-yoke.html_p_902.html,/products/air-cga-950-yoke-html
/oxygen-cga-870-yoke.html_p_903.html,/products/oxygen-cga-870-yoke-html
/co2-cga-940-yoke.html_p_904.html,/products/co2-cga-940-yoke-html
/heliox-cga-890-yoke.html_p_905.html,/products/heliox-cga-890-yoke-html
/mixed-gas-cga-973-yoke.html_p_906.html,/products/mixed-gas-cga-973-yoke-html
/nitrogen-cga-960-yoke-.html_p_907.html,/products/nitrogen-cga-960-yoke-html
/nitrous-oxide-cga-910-yoke.html_p_908.html,/products/nitrous-oxide-cga-910-yoke-html
/homecare-doppler-stand-for-ventilators-cpap-machines_p_915.html,/products/homecare-doppler-stand-for-ventilators-cpap-machines
/mri-core-cart-extended-top-with-sliding-door_p_923.html,/products/mri-core-cart-extended-top-with-sliding-door
/mri-extra-wide-core-cart_p_924.html,/products/mri-extra-wide-core-cart
/core-dx-extended-top-cart-with-sliding-door_p_925.html,/products/core-dx-extended-top-cart-with-sliding-door
/mri-core-dx-cart-with-white-drawers-sliding-door_p_926.html,/products/mri-core-dx-cart-with-white-drawers-sliding-door
/core-6d-cart-with-white-drawers_p_927.html,/products/core-6d-cart-with-white-drawers
/core-6d-cart-with-almond-beige-drawers_p_928.html,/products/core-6d-cart-with-almond-beige-drawers
/core-6d-cart-with-silver-metallic-drawers_p_929.html,/products/core-6d-cart-with-silver-metallic-drawers
/core-6d-cart-with-global-blue-drawers_p_930.html,/products/core-6d-cart-with-global-blue-drawers
/core-6d-cart-with-black-drawers_p_931.html,/products/core-6d-cart-with-black-drawers
/core-6d-cart-with-dolphin-gray-drawers_p_932.html,/products/core-6d-cart-with-dolphin-gray-drawers
/core-dx-extended-top-cart-with-hinged-door_p_933.html,/products/core-dx-extended-top-cart-with-hinged-door
/core-dx-cart-with-white-drawers-sliding-door-and-railtop_p_934.html,/products/core-dx-cart-with-white-drawers-sliding-door-and-railtop
/core-dx-cart-with-almond-beige-drawers-sliding-door-and-railtop_p_935.html,/products/core-dx-cart-with-almond-beige-drawers-sliding-door-and-railtop
/core-dx-cart-with-metallic-silver-drawers-sliding-door-and-railtop_p_936.html,/products/core-dx-cart-with-metallic-silver-drawers-sliding-door-and-railtop
/core-dx-cart-with-global-blue-drawers-sliding-door-and-railtop_p_937.html,/products/core-dx-cart-with-global-blue-drawers-sliding-door-and-railtop
/core-dx-cart-with-black-drawers-drawers-sliding-door-and-railtop_p_938.html,/products/core-dx-cart-with-black-drawers-drawers-sliding-door-and-railtop
/core-dx-cart-with-dolphin-gray-drawers-sliding-door-and-railtop_p_939.html,/products/core-dx-cart-with-dolphin-gray-drawers-sliding-door-and-railtop
/core-dx-cart-with-white-drawers-hinged-door-and-railtop_p_940.html,/products/core-dx-cart-with-white-drawers-hinged-door-and-railtop
/core-dx-cart-with-almond-beige-drawers-hinged-door-and-railtop_p_941.html,/products/core-dx-cart-with-almond-beige-drawers-hinged-door-and-railtop
/core-dx-cart-with-metallic-silver-drawers-hinged-door-and-railtop_p_942.html,/products/core-dx-cart-with-metallic-silver-drawers-hinged-door-and-railtop
/core-dx-cart-with-global-blue-drawers-hinged-door-and-railtop_p_943.html,/products/core-dx-cart-with-global-blue-drawers-hinged-door-and-railtop
/core-dx-cart-with-black-drawers-drawers-hinged-door-and-railtop_p_944.html,/products/core-dx-cart-with-black-drawers-drawers-hinged-door-and-railtop
/core-dx-cart-with-dolphin-gray-drawers-hinged-door-and-railtop_p_945.html,/products/core-dx-cart-with-dolphin-gray-drawers-hinged-door-and-railtop
/extra-wide-core-cart_p_946.html,/products/extra-wide-core-cart
/mri-core-sp_p_947.html,/products/mri-core-sp
/core-cl-cart-with-white-drawers_p_948.html,/products/core-cl-cart-with-white-drawers
/core-cl-cart-with-almond-beige-drawers_p_949.html,/products/core-cl-cart-with-almond-beige-drawers
/core-cl-cart-with-metallic-silver-drawers_p_950.html,/products/core-cl-cart-with-metallic-silver-drawers
/core-cl-cart-with-global-blue-drawers_p_951.html,/products/core-cl-cart-with-global-blue-drawers
/core-cl-cart-with-black-drawers_p_952.html,/products/core-cl-cart-with-black-drawers
/core-cl-cart-with-dolphin-gray-drawers_p_953.html,/products/core-cl-cart-with-dolphin-gray-drawers
/core-dx-cart-with-white-drawers-and-hinged-door_p_954.html,/products/core-dx-cart-with-white-drawers-and-hinged-door
/core-dx-cart-with-almond-beige-drawers-and-hinged-door_p_955.html,/products/core-dx-cart-with-almond-beige-drawers-and-hinged-door
/core-dx-cart-with-metallic-silver-drawers-and-hinged-door_p_956.html,/products/core-dx-cart-with-metallic-silver-drawers-and-hinged-door
/core-dx-cart-with-global-blue-drawers-and-hinged-door_p_957.html,/products/core-dx-cart-with-global-blue-drawers-and-hinged-door
/core-dx-cart-with-black-drawers-and-hinged-door_p_958.html,/products/core-dx-cart-with-black-drawers-and-hinged-door
/core-dx-cart-with-dolphin-gray-drawers-and-hinged-door_p_959.html,/products/core-dx-cart-with-dolphin-gray-drawers-and-hinged-door
/core-dx-with-white-drawers-and-hinged-smoke-door_p_960.html,/products/core-dx-with-white-drawers-and-hinged-smoke-door
/core-dx-cart-with-white-drawers-and-sliding-door_p_961.html,/products/core-dx-cart-with-white-drawers-and-sliding-door
/core-dx-cart-with-almond-beige-drawers-and-sliding-door_p_962.html,/products/core-dx-cart-with-almond-beige-drawers-and-sliding-door
/core-dx-cart-with-metallic-silver-drawers-and-sliding-door_p_963.html,/products/core-dx-cart-with-metallic-silver-drawers-and-sliding-door
/core-dx-cart-with-global-blue-drawers-and-sliding-door_p_964.html,/products/core-dx-cart-with-global-blue-drawers-and-sliding-door
/core-dx-cart-with-black-drawers-and-sliding-door_p_965.html,/products/core-dx-cart-with-black-drawers-and-sliding-door
/core-dx-cart-with-dolphin-gray-drawers-and-sliding-door_p_966.html,/products/core-dx-cart-with-dolphin-gray-drawers-and-sliding-door
/core-dx-with-white-drawers-and-sliding-smoke-door_p_967.html,/products/core-dx-with-white-drawers-and-sliding-smoke-door
/core-cart-with-white-drawers-and-pipette-slots_p_968.html,/products/core-cart-with-white-drawers-and-pipette-slots
/core-sp-cart-with-white-drawers_p_969.html,/products/core-sp-cart-with-white-drawers
/core-sp-cart-with-almond-beige-drawers_p_970.html,/products/core-sp-cart-with-almond-beige-drawers
/core-sp-cart-with-metallic-silver-drawers_p_971.html,/products/core-sp-cart-with-metallic-silver-drawers
/core-sp-cart-with-global-blue-drawers_p_972.html,/products/core-sp-cart-with-global-blue-drawers
/core-sp-cart-with-black-drawers_p_973.html,/products/core-sp-cart-with-black-drawers
/core-sp-cart-with-dolphin-gray-drawers_p_974.html,/products/core-sp-cart-with-dolphin-gray-drawers
/element-05-cart_p_975.html,/products/element-05-cart
/phlebotomy-pro-cart_p_976.html,/products/phlebotomy-pro-cart
/phlebotomy-pro-mini-cart_p_977.html,/products/phlebotomy-pro-mini-cart
/element-01-cart_p_978.html,/products/element-01-cart
/valor-crash-cart_p_979.html,/products/valor-crash-cart
/element-06-cart_p_980.html,/products/element-06-cart
/element-03-cart_p_981.html,/products/element-03-cart
/element-07-cart_p_982.html,/products/element-07-cart
/valor-mini-crash-cart_p_983.html,/products/valor-mini-crash-cart
/extra-wide-compact-cart-with-almond-beige-drawers_p_985.html,/products/extra-wide-compact-cart-with-almond-beige-drawers
/extra-wide-compact-cart-with-black-drawers_p_986.html,/products/extra-wide-compact-cart-with-black-drawers
/extra-wide-compact-cart-with-global-blue-drawers_p_987.html,/products/extra-wide-compact-cart-with-global-blue-drawers
/extra-wide-compact-cart-with-dolphin-gray-drawers_p_988.html,/products/extra-wide-compact-cart-with-dolphin-gray-drawers
/extra-wide-compact-cart-with-metallic-silver-drawers_p_989.html,/products/extra-wide-compact-cart-with-metallic-silver-drawers
/extra-wide-compact-cart-with-white-drawers_p_990.html,/products/extra-wide-compact-cart-with-white-drawers
/white-compact-cart-with-almond-beige-drawers_p_991.html,/products/white-compact-cart-with-almond-beige-drawers
/white-compact-cart-with-black-drawers_p_992.html,/products/white-compact-cart-with-black-drawers
/white-compact-cart-with-dolphin-gray-drawers_p_993.html,/products/white-compact-cart-with-dolphin-gray-drawers
/white-compact-cart-with-global-blue-drawers_p_994.html,/products/white-compact-cart-with-global-blue-drawers
/white-compact-cart-with-silver-metallic-drawers_p_995.html,/products/white-compact-cart-with-silver-metallic-drawers
/black-compact-cart-with-almond-beige_p_997.html,/products/black-compact-cart-with-almond-beige
/black-compact-cart-with-black-drawers_p_998.html,/products/black-compact-cart-with-black-drawers
/black-compact-with-dolphin-gray-drawers_p_999.html,/products/black-compact-with-dolphin-gray-drawers
/black-compact-cart-with-global-blue-drawers_p_1000.html,/products/black-compact-cart-with-global-blue-drawers
/black-compact-cart-with-metallic-silver-drawers_p_1001.html,/products/black-compact-cart-with-metallic-silver-drawers
/black-compact-cart-with-white-drawers_p_1002.html,/products/black-compact-cart-with-white-drawers
/bedside-cart-with-almond-beige-drawer_p_1003.html,/products/bedside-cart-with-almond-beige-drawer
/bedside-cart-with-black-drawer_p_1004.html,/products/bedside-cart-with-black-drawer
/bedside-cart-with-dolphin-gray-drawer_p_1005.html,/products/bedside-cart-with-dolphin-gray-drawer
/bedside-cart-with-global-blue-drawer_p_1006.html,/products/bedside-cart-with-global-blue-drawer
/bedside-cart-with-silver-metallic-drawer_p_1007.html,/products/bedside-cart-with-silver-metallic-drawer
/bedside-cart_p_1008.html,/products/bedside-cart
/compact-series-drawer-dividers_p_1009.html,/products/compact-series-drawer-dividers
/equipment-cart-black-24x24x35_p_1012.html,/products/equipment-cart-black-24x24x35
/equipment-cart-white-24x24x35_p_1013.html,/products/equipment-cart-white-24x24x35
/equipment-cart-black-18x24x35_p_1014.html,/products/equipment-cart-black-18x24x35
/equipment-cart-white-18x2435_p_1015.html,/products/equipment-cart-white-18x2435
/equipment-cart-black-30x30x18_p_1016.html,/products/equipment-cart-black-30x30x18
/equipment-cart-white-tambour-door_p_1017.html,/products/equipment-cart-white-tambour-door
/equipment-cart-black-18x24x24_p_1018.html,/products/equipment-cart-black-18x24x24
/equipment-cart-black-24x24x24-tambourdoor_p_1019.html,/products/equipment-cart-black-24x24x24-tambourdoor
/equipment-cart-white-24x24x24-tambour-door-adjustable-shelf_p_1020.html,/products/equipment-cart-white-24x24x24-tambour-door-adjustable-shelf
/equipment-cart-white-18x24x24height-adjustable-shelf-tambour-door_p_1021.html,/products/equipment-cart-white-18x24x24height-adjustable-shelf-tambour-door
/equipment-cart-black-24x24x12_p_1022.html,/products/equipment-cart-black-24x24x12
/equipment-cart-white-24x24x12_p_1023.html,/products/equipment-cart-white-24x24x12
/equipment-cart-black-18x24x12_p_1024.html,/products/equipment-cart-black-18x24x12
/equipment-cart-white-18x24x12_p_1025.html,/products/equipment-cart-white-18x24x12
/mri-belize-lab-island-cart_p_1026.html,/products/mri-belize-lab-island-cart
/belize-lab-island-cart-in-black_p_1027.html,/products/belize-lab-island-cart-in-black
/belize-lab-island-cart-in-white_p_1028.html,/products/belize-lab-island-cart-in-white
/mri-cayman-lab-island-cart_p_1029.html,/products/mri-cayman-lab-island-cart
/cayman-lab-island-cart-in-black_p_1030.html,/products/cayman-lab-island-cart-in-black
/cayman-lab-island-cart-in-white_p_1031.html,/products/cayman-lab-island-cart-in-white
/mri-maui-lab-island-cart_p_1032.html,/products/mri-maui-lab-island-cart
/maui-lab-island-cart-in-black_p_1033.html,/products/maui-lab-island-cart-in-black
/maui-lab-island-cart-in-white_p_1034.html,/products/maui-lab-island-cart-in-white
/procedure-cart-with-almond-beige-drawers_p_1035.html,/products/procedure-cart-with-almond-beige-drawers
/procedure-cart-with-black-drawers_p_1036.html,/products/procedure-cart-with-black-drawers
/procedure-cart-with-dolphin-gray-drawers_p_1037.html,/products/procedure-cart-with-dolphin-gray-drawers
/procedure-cart-with-global-blue-drawers_p_1038.html,/products/procedure-cart-with-global-blue-drawers
/procedure-cart-with-metallic-silver-drawers_p_1039.html,/products/procedure-cart-with-metallic-silver-drawers
/procedure-cart-with-white-drawers_p_1040.html,/products/procedure-cart-with-white-drawers
/tl-8d-cart-with-almond-beige-drawers_p_1044.html,/products/tl-8d-cart-with-almond-beige-drawers
/tl-8d-cart-with-black-drawers_p_1045.html,/products/tl-8d-cart-with-black-drawers
/tl-8d-cart-with-dolphin-gray-drawers_p_1046.html,/products/tl-8d-cart-with-dolphin-gray-drawers
/tl-8d-cart-with-global-blue-drawers_p_1047.html,/products/tl-8d-cart-with-global-blue-drawers
/tl-8d-cart-with-silver-metallic-drawers_p_1048.html,/products/tl-8d-cart-with-silver-metallic-drawers
/tl-8d-cart-with-white-drawers_p_1049.html,/products/tl-8d-cart-with-white-drawers
/tl-6d-cart-with-almond-beige-drawers_p_1050.html,/products/tl-6d-cart-with-almond-beige-drawers
/tl-6d-cart-with-black-drawers_p_1051.html,/products/tl-6d-cart-with-black-drawers
/tl-6d-cart-with-dolphin-gray-drawers_p_1052.html,/products/tl-6d-cart-with-dolphin-gray-drawers
/tl-6d-cart-with-global-blue-drawers_p_1053.html,/products/tl-6d-cart-with-global-blue-drawers
/tl-6d-cart-with-silver-metallic-drawers_p_1054.html,/products/tl-6d-cart-with-silver-metallic-drawers
/tl-6d-cart-with-white-drawers_p_1055.html,/products/tl-6d-cart-with-white-drawers
/tl-4d-cart-with-almond-beige-drawers_p_1056.html,/products/tl-4d-cart-with-almond-beige-drawers
/tl-4d-cart-with-black-drawers_p_1057.html,/products/tl-4d-cart-with-black-drawers
/tl-4d-cart-with-dolphin-gray-drawers_p_1058.html,/products/tl-4d-cart-with-dolphin-gray-drawers
/tl-4d-cart-with-global-blue-drawers_p_1059.html,/products/tl-4d-cart-with-global-blue-drawers
/tl-4d-cart-with-silver-metallic-drawers_p_1060.html,/products/tl-4d-cart-with-silver-metallic-drawers
/tl-4d-cart-with-white-drawers_p_1061.html,/products/tl-4d-cart-with-white-drawers
/6-shelf-narrow-locking-cart_p_1062.html,/products/6-shelf-narrow-locking-cart
/6-shelf-narrow-locking-cart-metallic-silver_p_1063.html,/products/6-shelf-narrow-locking-cart-metallic-silver
/6-compartment-cart-drawer-organizer.html_p_1065.html,/products/6-compartment-cart-drawer-organizer-html
/lab-storage-shelf-with-4-bins_p_1066.html,/products/lab-storage-shelf-with-4-bins
/suture-shelf_p_1067.html,/products/suture-shelf
/pipette-drawer-organizer-with-5-dividers_p_1068.html,/products/pipette-drawer-organizer-with-5-dividers
/5-compartment-deep-drawer-organizer_p_1069.html,/products/5-compartment-deep-drawer-organizer
/large-pipette-box-with-lid_p_1070.html,/products/large-pipette-box-with-lid
/large-8-compartment-drawer-organizer_p_1071.html,/products/large-8-compartment-drawer-organizer
/large-7-compartment-drawer-organizer_p_1072.html,/products/large-7-compartment-drawer-organizer
/large-6-compartment-drawer-organizer_p_1073.html,/products/large-6-compartment-drawer-organizer
/large-1-compartment-drawer-organizer_p_1074.html,/products/large-1-compartment-drawer-organizer
/16-compartment-drawer-organizer_p_1075.html,/products/16-compartment-drawer-organizer
/14-compartment-drawer-organizer_p_1076.html,/products/14-compartment-drawer-organizer
/small-7-compartment-drawer-organizer_p_1077.html,/products/small-7-compartment-drawer-organizer
/small-4-compartment-drawer-organizer_p_1078.html,/products/small-4-compartment-drawer-organizer
/small-1-compartment-drawer-organizer_p_1079.html,/products/small-1-compartment-drawer-organizer
/large-7-compartment-drawer-organizer_p_1080.html,/products/large-7-compartment-drawer-organizer
/large-5-compartment-drawer-organizer_p_1081.html,/products/large-5-compartment-drawer-organizer
/large-4-compartment-drawer-organizer_p_1082.html,/products/large-4-compartment-drawer-organizer
/11-compartment-drawer-organizer_p_1083.html,/products/11-compartment-drawer-organizer
/compact-series-drawer-dividers_p_1084.html,/products/compact-series-drawer-dividers
/6-compartment-cart-drawer-organizer_p_1085.html,/products/6-compartment-cart-drawer-organizer
/4-long-compartment-drawer-organizer_p_1086.html,/products/4-long-compartment-drawer-organizer
/4-compartment-drawer-organizer-for-carts_p_1087.html,/products/4-compartment-drawer-organizer-for-carts
/4-pocket-drawer-organizer_p_1088.html,/products/4-pocket-drawer-organizer
/3-pocket-drawer-organizer_p_1089.html,/products/3-pocket-drawer-organizer
/2-pocket-drawer-organizer_p_1090.html,/products/2-pocket-drawer-organizer
/white-compact-carts-with-white-drawers_p_1093.html,/products/white-compact-carts-with-white-drawers
/extra-wide-compact-carts_p_1094.html,/products/extra-wide-compact-carts
/core-6d-carts_p_1098.html,/products/core-6d-carts
/core-cl-cart_p_1100.html,/products/core-cl-cart
/white-compact-carts_p_1101.html,/products/white-compact-carts
/black-compact-carts_p_1102.html,/products/black-compact-carts
/core-dx-carts-with-hinged-door-and-railtop_p_1103.html,/products/core-dx-carts-with-hinged-door-and-railtop
/core-sp-carts_p_1104.html,/products/core-sp-carts
/core-dx-cart-with-drawers-and-sliding-door_p_1105.html,/products/core-dx-cart-with-drawers-and-sliding-door
/core-6d-cart-with-white-drawers-hinged-top_p_1106.html,/products/core-6d-cart-with-white-drawers-hinged-top
/core-dx-cart-with-drawers-and-sliding-door-and-railtop_p_1107.html,/products/core-dx-cart-with-drawers-and-sliding-door-and-railtop
/tall-locking-carts-8-drawer_p_1108.html,/products/tall-locking-carts-8-drawer
/tall-locking-carts-6-drawer_p_1109.html,/products/tall-locking-carts-6-drawer
/tall-locking-carts-4-drawer_p_1110.html,/products/tall-locking-carts-4-drawer
/6-shelf-narrow-locking-carts_p_1111.html,/products/6-shelf-narrow-locking-carts
/bed-side-cart-white-drawer_p_1112.html,/products/bed-side-cart-white-drawer
/pole-mounted-dual-oxygen-analyzer-and-monitorblender-bracket_p_1114.html,/products/pole-mounted-dual-oxygen-analyzer-and-monitorblender-bracket
/easy-go-vac-aspirator_p_1116.html,/products/easy-go-vac-aspirator
/cylinders_c_1.html,/collections/cylinders
/cylinder-carts-racks-holders_c_7.html,/collections/cylinder-carts-racks-holders
/cylinder-racks_c_8.html,/collections/cylinder-racks
/cylinder-carts_c_9.html,/collections/cylinder-carts
/cylinder-bags_c_10.html,/collections/cylinder-bags
/regulators-oxygen_c_12.html,/collections/regulators-oxygen
/pulse-oximeters_c_13.html,/collections/pulse-oximeters
/cylinder-holders_c_15.html,/collections/cylinder-holders
/du-o-vac-crash-cart-suction_c_18.html,/collections/du-o-vac-crash-cart-suction
/flowmeters_c_19.html,/collections/flowmeters
/air-flowmeters_c_20.html,/collections/air-flowmeters
/oxygen-flowmeters_c_21.html,/collections/oxygen-flowmeters
/heliox-flowmeters_c_22.html,/collections/heliox-flowmeters
/hose-assemblies-for-medical-gas_c_23.html,/collections/hose-assemblies-for-medical-gas
/iv-poles_c_33.html,/collections/iv-poles
/equipment-stands-and-poles_c_34.html,/collections/equipment-stands-and-poles
/mri-product-line_c_35.html,/collections/mri-product-line
/oxygen-analyzers-monitors_c_36.html,/collections/oxygen-analyzers-monitors
/regulators-suction_c_37.html,/collections/regulators-suction
/ventilator-accessories_c_38.html,/collections/ventilator-accessories
/regulators-heliox_c_41.html,/collections/regulators-heliox
/regulators-air_c_44.html,/collections/regulators-air
/regulators-nitrogen_c_45.html,/collections/regulators-nitrogen
/regulators-co2_c_46.html,/collections/regulators-co2
/oxygen-sensors_c_48.html,/collections/oxygen-sensors
/mri-regulators_c_90.html,/collections/mri-regulators
/mri-flowmeters_c_91.html,/collections/mri-flowmeters
/mri-cylinder-carts-racks-holders_c_92.html,/collections/mri-cylinder-carts-racks-holders
/mri-cylinders_c_93.html,/collections/mri-cylinders
/mri-iv-poles_c_94.html,/collections/mri-iv-poles
/mri-equipment-stands-poles_c_95.html,/collections/mri-equipment-stands-poles
/mri-du-o-vac-series_c_96.html,/collections/mri-du-o-vac-series
/co2-flowmeters_c_97.html,/collections/co2-flowmeters
/mri-vacuum-regulator_c_102.html,/collections/mri-vacuum-regulator
/insufflation-accessories_c_149.html,/collections/insufflation-accessories
/specialty-regulators-oxygen_c_161.html,/collections/specialty-regulators-oxygen
/emergency-products_c_162.html,/collections/emergency-products
/oxygen-air-blenders_c_165.html,/collections/oxygen-air-blenders
/heliox-blenders_c_166.html,/collections/heliox-blenders
/specialty-regulators-air_c_168.html,/collections/specialty-regulators-air
/mri-hose-assemblies_c_170.html,/collections/mri-hose-assemblies
/pole-mount-accessories_c_171.html,/collections/pole-mount-accessories
/fire-safety-cylinder-cabinets_c_172.html,/collections/fire-safety-cylinder-cabinets
/mri-oxygen-regulators_c_174.html,/collections/mri-oxygen-regulators
/mri-air-regulators_c_175.html,/collections/mri-air-regulators
/mri-manifold-assemblies-for-medical-gas_c_176.html,/collections/mri-manifold-assemblies-for-medical-gas
/mri-blender_c_179.html,/collections/mri-blenders
/MRI-Blenders_c_180.html,/collections/mri-blenders
/nitrous-oxide-flowmeters_c_193.html,/collections/nitrous-oxide-flowmeters
/regulators-ems-style_c_200.html,/collections/regulators-ems-style
/regulators-mixed-gas_c_204.html,/collections/regulators-mixed-gas
/Nitrogen-Flowmeter_c_206.html,/collections/nitrogen-flowmeter
/Dental-and-Veterinarian-Products_c_207.html,/collections/dental-and-veterinarian-products
/Cylinder-Status-Signs-And-Tags_c_208.html,/collections/cylinder-status-signs-and-tags
/Industrial-Cylinder-Handling-Solutions_c_209.html,/collections/industrial-cylinder-handling-solutions
/Flowmeters_c_212.html,/collections/flowmeters
/Hospital-Grade-Power-Supply_c_214.html,/collections/hospital-grade-power-supply
/MRI-Compatible-Stretchers_c_216.html,/collections/mri-compatible-stretchers
/ThermaZone-Thermal-Therapy_c_217.html,/collections/thermazone-thermal-therapy
/respirometers_c_218.html,/collections/respirometers
/personal-protective-equipment-ppe_c_219.html,/collections/personal-protective-equipment-ppe
/rail-mount-accessories_c_221.html,/collections/rail-mount-accessories
/mri-stereo-system-products_c_224.html,/collections/mri-stereo-system-products
/mri-camera-systems_c_225.html,/collections/mri-camera-systems
/mri-magnet-watch-products_c_226.html,/collections/mri-magnet-watch-products
/mri-room-alert-systems_c_227.html,/collections/mri-room-alert-systems
/mri-pole-mounted-accessories_c_228.html,/collections/mri-pole-mounted-accessories
/high-pressure-hose-assemblies.html_c_229.html,/collections/high-pressure-hose-assemblies-html
/medical-carts_c_231.html,/collections/medical-carts
/compact-carts_c_235.html,/collections/compact-carts
/core-carts_c_236.html,/collections/core-carts
/element-carts_c_237.html,/collections/element-carts
/equipment-carts_c_238.html,/collections/equipment-carts
/lab-island-carts_c_239.html,/collections/lab-island-carts
/procedure-carts_c_245.html,/collections/procedure-carts
/suture-carts_c_246.html,/collections/suture-carts
/tall-locking-carts_c_247.html,/collections/tall-locking-carts
/mri-carts_c_251.html,/collections/mri-carts
/mri-carts_c_253.html,/collections/mri-carts
